ctime,relname,pid,mode,granted
1439954172.24437,customer,74611,RowExclusiveLock,t
1439954172.24437,lineitem,74615,RowExclusiveLock,t
1439954172.24437,nation,74640,ShareUpdateExclusiveLock,t
1439954172.24437,orders,74613,RowExclusiveLock,t
1439954172.24437,part,74612,RowExclusiveLock,t
1439954172.24437,partsupp,74614,RowExclusiveLock,t
1439954172.24437,pg_index,74651,AccessShareLock,t
1439954172.24437,pg_locks,74648,AccessShareLock,t
1439954172.24437,pg_opclass,74633,AccessShareLock,t
1439954172.24437,pg_opclass_am_name_nsp_index,74633,AccessShareLock,t
1439954172.24437,pg_stat_activity,74647,AccessShareLock,t
1439954172.24437,pg_stat_all_indexes,74651,AccessShareLock,t
1439954172.24437,pg_stat_all_tables,74650,AccessShareLock,t
1439954172.24437,pg_statio_all_indexes,74651,AccessShareLock,t
1439954172.24437,pg_statio_all_tables,74650,AccessShareLock,t
1439954172.24437,pk_nation,74640,AccessShareLock,t
1439954172.24437,region,74633,ShareUpdateExclusiveLock,t
1439954172.24437,supplier,74609,RowExclusiveLock,t
1439954232.24683,customer,74611,RowExclusiveLock,t
1439954232.24683,lineitem,74615,RowExclusiveLock,t
1439954232.24683,orders,74613,RowExclusiveLock,t
1439954232.24683,part,74612,RowExclusiveLock,t
1439954232.24683,partsupp,74614,RowExclusiveLock,t
1439954232.24683,pg_amproc,74668,AccessShareLock,t
1439954232.24683,pg_amproc_fam_proc_index,74668,AccessShareLock,t
1439954232.24683,pg_index,74671,AccessShareLock,t
1439954232.24683,pg_locks,74669,AccessShareLock,t
1439954232.24683,pg_namespace,74671,AccessShareLock,t
1439954232.24683,pg_stat_activity,74668,AccessShareLock,t
1439954232.24683,pg_stat_all_indexes,74671,AccessShareLock,t
1439954232.24683,pg_stat_all_tables,74670,AccessShareLock,t
1439954232.24683,pg_stat_database,74667,AccessShareLock,t
1439954232.24683,pg_statio_all_indexes,74671,AccessShareLock,t
1439954232.24683,pg_statio_all_tables,74670,AccessShareLock,t
1439954292.24894,customer,74677,AccessExclusiveLock,f
1439954292.24894,customer,74679,ShareLock,t
1439954292.24894,customer,74681,ShareLock,t
1439954292.24894,customer,74680,ShareLock,f
1439954292.24894,lineitem,74615,RowExclusiveLock,t
1439954292.24894,orders,74613,RowExclusiveLock,t
1439954292.24894,part,74689,AccessExclusiveLock,f
1439954292.24894,part,74692,ShareLock,f
1439954292.24894,part,74690,ShareLock,f
1439954292.24894,part,74688,ShareLock,t
1439954292.24894,part,74691,ShareLock,f
1439954292.24894,partsupp,74614,RowExclusiveLock,t
1439954292.24894,pg_index,74704,AccessShareLock,t
1439954292.24894,pg_locks,74705,AccessShareLock,t
1439954292.24894,pg_stat_activity,74703,AccessShareLock,t
1439954292.24894,pg_stat_all_indexes,74704,AccessShareLock,t
1439954292.24894,pg_stat_all_tables,74706,AccessShareLock,t
1439954292.24894,pg_stat_database,74702,AccessShareLock,t
1439954292.24894,pg_statio_all_indexes,74704,AccessShareLock,t
1439954292.24894,pg_statio_all_tables,74706,AccessShareLock,t
1439954352.24978,lineitem,74615,RowExclusiveLock,t
1439954352.24978,orders,74613,RowExclusiveLock,t
1439954352.24978,part,74692,ShareLock,t
1439954352.24978,part,74690,ShareLock,t
1439954352.24978,part,74691,ShareLock,t
1439954352.24978,partsupp,74614,RowExclusiveLock,t
1439954352.24978,pg_index,74718,AccessShareLock,t
1439954352.24978,pg_locks,74717,AccessShareLock,t
1439954352.24978,pg_namespace,74718,AccessShareLock,t
1439954352.24978,pg_namespace,74720,AccessShareLock,t
1439954352.24978,pg_namespace_nspname_index,74720,AccessShareLock,t
1439954352.24978,pg_stat_activity,74721,AccessShareLock,t
1439954352.24978,pg_stat_all_indexes,74718,AccessShareLock,t
1439954352.24978,pg_stat_all_tables,74720,AccessShareLock,t
1439954352.24978,pg_stat_database,74719,AccessShareLock,t
1439954352.24978,pg_statio_all_indexes,74718,AccessShareLock,t
1439954352.24978,pg_statio_all_tables,74720,AccessShareLock,t
1439954412.25246,lineitem,74615,RowExclusiveLock,t
1439954412.25246,orders,74613,RowExclusiveLock,t
1439954412.25246,part,74692,ShareLock,t
1439954412.25246,partsupp,74614,RowExclusiveLock,t
1439954412.25246,pg_index,74739,AccessShareLock,t
1439954412.25246,pg_index,74740,AccessShareLock,t
1439954412.25246,pg_locks,74742,AccessShareLock,t
1439954412.25246,pg_namespace,74739,AccessShareLock,t
1439954412.25246,pg_namespace,74740,AccessShareLock,t
1439954412.25246,pg_stat_all_indexes,74740,AccessShareLock,t
1439954412.25246,pg_stat_all_tables,74739,AccessShareLock,t
1439954412.25246,pg_stat_database,74741,AccessShareLock,t
1439954412.25246,pg_statio_all_indexes,74740,AccessShareLock,t
1439954412.25246,pg_statio_all_tables,74739,AccessShareLock,t
1439954472.25318,lineitem,74615,RowExclusiveLock,t
1439954472.25318,orders,74613,RowExclusiveLock,t
1439954472.25318,partsupp,74614,RowExclusiveLock,t
1439954472.25318,pg_locks,74755,AccessShareLock,t
1439954472.25318,pg_stat_activity,74754,AccessShareLock,t
1439954472.25318,pg_stat_all_indexes,74757,AccessShareLock,t
1439954472.25318,pg_stat_all_tables,74758,AccessShareLock,t
1439954472.25318,pg_stat_database,74756,AccessShareLock,t
1439954472.25318,pg_statio_all_indexes,74757,AccessShareLock,t
1439954472.25318,pg_statio_all_tables,74758,AccessShareLock,t
1439954532.25645,lineitem,74615,RowExclusiveLock,t
1439954532.25645,orders,74613,RowExclusiveLock,t
1439954532.25645,partsupp,74762,AccessExclusiveLock,f
1439954532.25645,partsupp,74763,ShareLock,t
1439954532.25645,pg_index,74775,AccessShareLock,t
1439954532.25645,pg_index,74772,AccessShareLock,t
1439954532.25645,pg_locks,74773,AccessShareLock,t
1439954532.25645,pg_namespace,74775,AccessShareLock,t
1439954532.25645,pg_stat_all_indexes,74775,AccessShareLock,t
1439954532.25645,pg_stat_all_tables,74772,AccessShareLock,t
1439954532.25645,pg_stat_database,74774,AccessShareLock,t
1439954532.25645,pg_statio_all_indexes,74775,AccessShareLock,t
1439954532.25645,pg_statio_all_tables,74772,AccessShareLock,t
1439954592.25734,lineitem,74615,RowExclusiveLock,t
1439954592.25734,orders,74613,RowExclusiveLock,t
1439954592.25734,partsupp,74762,AccessExclusiveLock,t
1439954592.25734,partsupp,74762,ShareLock,t
1439954592.25734,pg_index,74784,AccessShareLock,t
1439954592.25734,pg_index,74788,AccessShareLock,t
1439954592.25734,pg_index_indexrelid_index,74784,AccessShareLock,t
1439954592.25734,pg_index_indrelid_index,74784,AccessShareLock,t
1439954592.25734,pg_locks,74785,AccessShareLock,t
1439954592.25734,pg_namespace,74784,AccessShareLock,t
1439954592.25734,pg_namespace_nspname_index,74784,AccessShareLock,t
1439954592.25734,pg_namespace_oid_index,74784,AccessShareLock,t
1439954592.25734,pg_opclass,74784,AccessShareLock,t
1439954592.25734,pg_opclass_am_name_nsp_index,74784,AccessShareLock,t
1439954592.25734,pg_stat_activity,74786,AccessShareLock,t
1439954592.25734,pg_stat_all_indexes,74784,AccessShareLock,t
1439954592.25734,pg_stat_all_tables,74788,AccessShareLock,t
1439954592.25734,pg_stat_database,74787,AccessShareLock,t
1439954592.25734,pg_statio_all_indexes,74784,AccessShareLock,t
1439954592.25734,pg_statio_all_tables,74788,AccessShareLock,t
1439954652.25948,lineitem,74615,RowExclusiveLock,t
1439954652.25948,orders,74613,ExclusiveLock,t
1439954652.25948,orders,74613,RowExclusiveLock,t
1439954652.25948,partsupp,74792,ShareUpdateExclusiveLock,t
1439954652.25948,partsupp_ps_suppkey_idx,74792,RowExclusiveLock,t
1439954652.25948,pg_index,74799,AccessShareLock,t
1439954652.25948,pg_index,74801,AccessShareLock,t
1439954652.25948,pg_index_indexrelid_index,74799,AccessShareLock,t
1439954652.25948,pg_index_indexrelid_index,74801,AccessShareLock,t
1439954652.25948,pg_index_indrelid_index,74801,AccessShareLock,t
1439954652.25948,pg_index_indrelid_index,74799,AccessShareLock,t
1439954652.25948,pg_locks,74802,AccessShareLock,t
1439954652.25948,pg_namespace,74799,AccessShareLock,t
1439954652.25948,pg_namespace,74801,AccessShareLock,t
1439954652.25948,pg_namespace_nspname_index,74801,AccessShareLock,t
1439954652.25948,pg_namespace_nspname_index,74799,AccessShareLock,t
1439954652.25948,pg_namespace_oid_index,74799,AccessShareLock,t
1439954652.25948,pg_namespace_oid_index,74801,AccessShareLock,t
1439954652.25948,pg_stat_all_indexes,74799,AccessShareLock,t
1439954652.25948,pg_stat_all_tables,74801,AccessShareLock,t
1439954652.25948,pg_stat_database,74803,AccessShareLock,t
1439954652.25948,pg_statio_all_indexes,74799,AccessShareLock,t
1439954652.25948,pg_statio_all_tables,74801,AccessShareLock,t
1439954652.25948,pg_statistic,74801,AccessShareLock,t
1439954652.25948,pg_statistic_relid_att_inh_index,74801,AccessShareLock,t
1439954652.25948,pk_partsupp,74792,RowExclusiveLock,t
1439954712.26022,lineitem,74615,RowExclusiveLock,t
1439954712.26022,orders,74613,RowExclusiveLock,t
1439954712.26022,pg_index,74814,AccessShareLock,t
1439954712.26022,pg_locks,74813,AccessShareLock,t
1439954712.26022,pg_stat_activity,74816,AccessShareLock,t
1439954712.26022,pg_stat_all_indexes,74814,AccessShareLock,t
1439954712.26022,pg_stat_all_tables,74815,AccessShareLock,t
1439954712.26022,pg_stat_database,74812,AccessShareLock,t
1439954712.26022,pg_statio_all_indexes,74814,AccessShareLock,t
1439954712.26022,pg_statio_all_tables,74815,AccessShareLock,t
1439954772.26237,lineitem,74615,RowExclusiveLock,t
1439954772.26237,orders,74613,RowExclusiveLock,t
1439954772.26237,pg_index,74826,AccessShareLock,t
1439954772.26237,pg_index,74828,AccessShareLock,t
1439954772.26237,pg_locks,74829,AccessShareLock,t
1439954772.26237,pg_namespace,74828,AccessShareLock,t
1439954772.26237,pg_stat_activity,74827,AccessShareLock,t
1439954772.26237,pg_stat_all_indexes,74828,AccessShareLock,t
1439954772.26237,pg_stat_all_tables,74826,AccessShareLock,t
1439954772.26237,pg_stat_database,74825,AccessShareLock,t
1439954772.26237,pg_statio_all_indexes,74828,AccessShareLock,t
1439954772.26237,pg_statio_all_tables,74826,AccessShareLock,t
1439954832.26491,lineitem,74615,RowExclusiveLock,t
1439954832.26491,orders,74834,ShareLock,t
1439954832.26491,orders,74835,AccessExclusiveLock,f
1439954832.26491,orders,74833,ShareLock,t
1439954832.26491,pg_index,74845,AccessShareLock,t
1439954832.26491,pg_locks,74848,AccessShareLock,t
1439954832.26491,pg_stat_activity,74846,AccessShareLock,t
1439954832.26491,pg_stat_all_indexes,74845,AccessShareLock,t
1439954832.26491,pg_stat_all_tables,74844,AccessShareLock,t
1439954832.26491,pg_stat_database,74847,AccessShareLock,t
1439954832.26491,pg_statio_all_indexes,74845,AccessShareLock,t
1439954832.26491,pg_statio_all_tables,74844,AccessShareLock,t
1439954892.26632,lineitem,74615,RowExclusiveLock,t
1439954892.26632,orders,74835,AccessExclusiveLock,f
1439954892.26632,orders,74834,ShareLock,t
1439954892.26632,orders,74833,ShareLock,t
1439954892.26632,pg_cast,74860,AccessShareLock,t
1439954892.26632,pg_index,74857,AccessShareLock,t
1439954892.26632,pg_index_indrelid_index,74857,AccessShareLock,t
1439954892.26632,pg_locks,74861,AccessShareLock,t
1439954892.26632,pg_namespace,74857,AccessShareLock,t
1439954892.26632,pg_stat_activity,74859,AccessShareLock,t
1439954892.26632,pg_stat_all_indexes,74857,AccessShareLock,t
1439954892.26632,pg_stat_all_tables,74860,AccessShareLock,t
1439954892.26632,pg_stat_database,74858,AccessShareLock,t
1439954892.26632,pg_statio_all_indexes,74857,AccessShareLock,t
1439954892.26632,pg_statio_all_tables,74860,AccessShareLock,t
1439954952.26673,lineitem,74615,RowExclusiveLock,t
1439954952.26673,orders,74835,AccessExclusiveLock,f
1439954952.26673,orders,74833,ShareLock,t
1439954952.26673,pg_index,74871,AccessShareLock,t
1439954952.26673,pg_index,74874,AccessShareLock,t
1439954952.26673,pg_locks,74872,AccessShareLock,t
1439954952.26673,pg_stat_activity,74873,AccessShareLock,t
1439954952.26673,pg_stat_all_indexes,74874,AccessShareLock,t
1439954952.26673,pg_stat_all_tables,74871,AccessShareLock,t
1439954952.26673,pg_stat_database,74870,AccessShareLock,t
1439954952.26673,pg_statio_all_indexes,74874,AccessShareLock,t
1439954952.26673,pg_statio_all_tables,74871,AccessShareLock,t
1439955012.26855,lineitem,74615,RowExclusiveLock,t
1439955012.26855,orders,74835,AccessExclusiveLock,f
1439955012.26855,orders,74833,ShareLock,t
1439955012.26855,pg_index,74893,AccessShareLock,t
1439955012.26855,pg_index,74891,AccessShareLock,t
1439955012.26855,pg_locks,74892,AccessShareLock,t
1439955012.26855,pg_namespace,74893,AccessShareLock,t
1439955012.26855,pg_stat_activity,74895,AccessShareLock,t
1439955012.26855,pg_stat_all_indexes,74893,AccessShareLock,t
1439955012.26855,pg_stat_all_tables,74891,AccessShareLock,t
1439955012.26855,pg_stat_database,74894,AccessShareLock,t
1439955012.26855,pg_statio_all_indexes,74893,AccessShareLock,t
1439955012.26855,pg_statio_all_tables,74891,AccessShareLock,t
1439955072.27085,lineitem,74615,RowExclusiveLock,t
1439955072.27085,orders,74835,AccessExclusiveLock,t
1439955072.27085,orders,74835,ShareLock,t
1439955072.27085,pg_index,74907,AccessShareLock,t
1439955072.27085,pg_locks,74906,AccessShareLock,t
1439955072.27085,pg_stat_activity,74905,AccessShareLock,t
1439955072.27085,pg_stat_all_indexes,74907,AccessShareLock,t
1439955072.27085,pg_stat_all_tables,74908,AccessShareLock,t
1439955072.27085,pg_stat_database,74904,AccessShareLock,t
1439955072.27085,pg_statio_all_indexes,74907,AccessShareLock,t
1439955072.27085,pg_statio_all_tables,74908,AccessShareLock,t
1439955132.2721,lineitem,74615,RowExclusiveLock,t
1439955132.2721,orders,74835,AccessExclusiveLock,t
1439955132.2721,orders,74835,ShareLock,t
1439955132.2721,pg_amop,74919,AccessShareLock,t
1439955132.2721,pg_index,74918,AccessShareLock,t
1439955132.2721,pg_locks,74917,AccessShareLock,t
1439955132.2721,pg_namespace,74918,AccessShareLock,t
1439955132.2721,pg_stat_activity,74919,AccessShareLock,t
1439955132.2721,pg_stat_all_indexes,74918,AccessShareLock,t
1439955132.2721,pg_stat_all_tables,74920,AccessShareLock,t
1439955132.2721,pg_stat_database,74921,AccessShareLock,t
1439955132.2721,pg_statio_all_indexes,74918,AccessShareLock,t
1439955132.2721,pg_statio_all_tables,74920,AccessShareLock,t
1439955192.27342,lineitem,74615,RowExclusiveLock,t
1439955192.27342,pg_locks,74932,AccessShareLock,t
1439955192.27342,pg_rewrite,74935,AccessShareLock,t
1439955192.27342,pg_rewrite_rel_rulename_index,74935,AccessShareLock,t
1439955192.27342,pg_stat_activity,74933,AccessShareLock,t
1439955192.27342,pg_stat_database,74934,AccessShareLock,t
1439955192.27342,pg_statio_all_tables,74935,AccessShareLock,t
1439955252.27477,lineitem,74615,RowExclusiveLock,t
1439955252.27477,pg_locks,74945,AccessShareLock,t
1439955252.27477,pg_rewrite,74948,AccessShareLock,t
1439955252.27477,pg_rewrite,74949,AccessShareLock,t
1439955252.27477,pg_rewrite_rel_rulename_index,74948,AccessShareLock,t
1439955252.27477,pg_rewrite_rel_rulename_index,74949,AccessShareLock,t
1439955252.27477,pg_stat_activity,74947,AccessShareLock,t
1439955252.27477,pg_stat_all_indexes,74949,AccessShareLock,t
1439955252.27477,pg_stat_all_tables,74948,AccessShareLock,t
1439955252.27477,pg_stat_database,74946,AccessShareLock,t
1439955252.27477,pg_statio_all_indexes,74949,AccessShareLock,t
1439955252.27477,pg_statio_all_tables,74948,AccessShareLock,t
1439955312.27635,lineitem,74615,RowExclusiveLock,t
1439955312.27635,pg_locks,74958,AccessShareLock,t
1439955312.27635,pg_rewrite,74961,AccessShareLock,t
1439955312.27635,pg_rewrite,74962,AccessShareLock,t
1439955312.27635,pg_rewrite_rel_rulename_index,74961,AccessShareLock,t
1439955312.27635,pg_rewrite_rel_rulename_index,74962,AccessShareLock,t
1439955312.27635,pg_stat_activity,74960,AccessShareLock,t
1439955312.27635,pg_stat_all_indexes,74962,AccessShareLock,t
1439955312.27635,pg_stat_database,74959,AccessShareLock,t
1439955312.27635,pg_statio_all_indexes,74962,AccessShareLock,t
1439955312.27635,pg_statio_all_tables,74961,AccessShareLock,t
1439955372.27991,lineitem,74615,RowExclusiveLock,t
1439955372.27991,pg_index,74974,AccessShareLock,t
1439955372.27991,pg_index,74973,AccessShareLock,t
1439955372.27991,pg_locks,74975,AccessShareLock,t
1439955372.27991,pg_namespace,74973,AccessShareLock,t
1439955372.27991,pg_stat_all_indexes,74973,AccessShareLock,t
1439955372.27991,pg_stat_all_tables,74974,AccessShareLock,t
1439955372.27991,pg_stat_database,74972,AccessShareLock,t
1439955372.27991,pg_statio_all_indexes,74973,AccessShareLock,t
1439955372.27991,pg_statio_all_tables,74974,AccessShareLock,t
1439955432.28142,lineitem,74615,RowExclusiveLock,t
1439955432.28142,pg_locks,74984,AccessShareLock,t
1439955432.28142,pg_rewrite,74985,AccessShareLock,t
1439955432.28142,pg_rewrite_rel_rulename_index,74985,AccessShareLock,t
1439955432.28142,pg_stat_activity,74986,AccessShareLock,t
1439955432.28142,pg_stat_all_indexes,74988,AccessShareLock,t
1439955432.28142,pg_stat_database,74987,AccessShareLock,t
1439955432.28142,pg_statio_all_indexes,74988,AccessShareLock,t
1439955432.28142,pg_statio_all_tables,74985,AccessShareLock,t
1439955492.28301,lineitem,74615,RowExclusiveLock,t
1439955492.28301,pg_locks,74997,AccessShareLock,t
1439955492.28301,pg_rewrite,75001,AccessShareLock,t
1439955492.28301,pg_rewrite,75000,AccessShareLock,t
1439955492.28301,pg_rewrite_rel_rulename_index,75001,AccessShareLock,t
1439955492.28301,pg_rewrite_rel_rulename_index,75000,AccessShareLock,t
1439955492.28301,pg_stat_activity,74998,AccessShareLock,t
1439955492.28301,pg_stat_all_indexes,75001,AccessShareLock,t
1439955492.28301,pg_stat_all_tables,75000,AccessShareLock,t
1439955492.28301,pg_stat_database,74999,AccessShareLock,t
1439955492.28301,pg_statio_all_indexes,75001,AccessShareLock,t
1439955492.28301,pg_statio_all_tables,75000,AccessShareLock,t
1439955552.28693,lineitem,74615,RowExclusiveLock,t
1439955552.28693,pg_index,75014,AccessShareLock,t
1439955552.28693,pg_index,75010,AccessShareLock,t
1439955552.28693,pg_index_indexrelid_index,75010,AccessShareLock,t
1439955552.28693,pg_index_indrelid_index,75010,AccessShareLock,t
1439955552.28693,pg_locks,75013,AccessShareLock,t
1439955552.28693,pg_namespace,75014,AccessShareLock,t
1439955552.28693,pg_namespace,75010,AccessShareLock,t
1439955552.28693,pg_namespace_nspname_index,75010,AccessShareLock,t
1439955552.28693,pg_namespace_oid_index,75010,AccessShareLock,t
1439955552.28693,pg_stat_activity,75012,AccessShareLock,t
1439955552.28693,pg_stat_all_indexes,75014,AccessShareLock,t
1439955552.28693,pg_stat_all_tables,75010,AccessShareLock,t
1439955552.28693,pg_stat_database,75011,AccessShareLock,t
1439955552.28693,pg_statio_all_indexes,75014,AccessShareLock,t
1439955552.28693,pg_statio_all_tables,75010,AccessShareLock,t
1439955612.28814,lineitem,74615,RowExclusiveLock,t
1439955612.28814,pg_index,75030,AccessShareLock,t
1439955612.28814,pg_index,75034,AccessShareLock,t
1439955612.28814,pg_locks,75033,AccessShareLock,t
1439955612.28814,pg_namespace,75030,AccessShareLock,t
1439955612.28814,pg_namespace,75034,AccessShareLock,t
1439955612.28814,pg_stat_all_indexes,75034,AccessShareLock,t
1439955612.28814,pg_stat_all_tables,75030,AccessShareLock,t
1439955612.28814,pg_stat_database,75032,AccessShareLock,t
1439955612.28814,pg_statio_all_indexes,75034,AccessShareLock,t
1439955612.28814,pg_statio_all_tables,75030,AccessShareLock,t
1439955672.28935,lineitem,74615,RowExclusiveLock,t
1439955672.28935,pg_index,75043,AccessShareLock,t
1439955672.28935,pg_locks,75044,AccessShareLock,t
1439955672.28935,pg_namespace,75043,AccessShareLock,t
1439955672.28935,pg_stat_activity,75047,AccessShareLock,t
1439955672.28935,pg_stat_all_indexes,75045,AccessShareLock,t
1439955672.28935,pg_stat_all_tables,75043,AccessShareLock,t
1439955672.28935,pg_stat_database,75046,AccessShareLock,t
1439955672.28935,pg_statio_all_indexes,75045,AccessShareLock,t
1439955672.28935,pg_statio_all_tables,75043,AccessShareLock,t
1439955672.28935,pg_statistic,75047,AccessShareLock,t
1439955732.29135,lineitem,74615,RowExclusiveLock,t
1439955732.29135,pg_index,75057,AccessShareLock,t
1439955732.29135,pg_index,75056,AccessShareLock,t
1439955732.29135,pg_index_indexrelid_index,75056,AccessShareLock,t
1439955732.29135,pg_index_indrelid_index,75056,AccessShareLock,t
1439955732.29135,pg_locks,75058,AccessShareLock,t
1439955732.29135,pg_namespace,75056,AccessShareLock,t
1439955732.29135,pg_namespace_nspname_index,75056,AccessShareLock,t
1439955732.29135,pg_namespace_oid_index,75056,AccessShareLock,t
1439955732.29135,pg_stat_activity,75059,AccessShareLock,t
1439955732.29135,pg_stat_all_indexes,75056,AccessShareLock,t
1439955732.29135,pg_stat_all_tables,75057,AccessShareLock,t
1439955732.29135,pg_stat_database,75060,AccessShareLock,t
1439955732.29135,pg_statio_all_indexes,75056,AccessShareLock,t
1439955732.29135,pg_statio_all_tables,75057,AccessShareLock,t
1439955792.29344,lineitem,74615,RowExclusiveLock,t
1439955792.29344,pg_amop,75070,AccessShareLock,t
1439955792.29344,pg_amop_opr_fam_index,75070,AccessShareLock,t
1439955792.29344,pg_index,75070,AccessShareLock,t
1439955792.29344,pg_index_indexrelid_index,75070,AccessShareLock,t
1439955792.29344,pg_index_indrelid_index,75070,AccessShareLock,t
1439955792.29344,pg_locks,75069,AccessShareLock,t
1439955792.29344,pg_namespace,75070,AccessShareLock,t
1439955792.29344,pg_namespace_nspname_index,75070,AccessShareLock,t
1439955792.29344,pg_namespace_oid_index,75070,AccessShareLock,t
1439955792.29344,pg_stat_activity,75071,AccessShareLock,t
1439955792.29344,pg_stat_all_indexes,75070,AccessShareLock,t
1439955792.29344,pg_stat_all_tables,75073,AccessShareLock,t
1439955792.29344,pg_stat_database,75072,AccessShareLock,t
1439955792.29344,pg_statio_all_indexes,75070,AccessShareLock,t
1439955792.29344,pg_statio_all_tables,75073,AccessShareLock,t
1439955852.29556,lineitem,74615,RowExclusiveLock,t
1439955852.29556,pg_index,75086,AccessShareLock,t
1439955852.29556,pg_index,75082,AccessShareLock,t
1439955852.29556,pg_index_indexrelid_index,75082,AccessShareLock,t
1439955852.29556,pg_index_indrelid_index,75082,AccessShareLock,t
1439955852.29556,pg_locks,75085,AccessShareLock,t
1439955852.29556,pg_namespace,75086,AccessShareLock,t
1439955852.29556,pg_namespace,75082,AccessShareLock,t
1439955852.29556,pg_stat_all_indexes,75086,AccessShareLock,t
1439955852.29556,pg_stat_all_tables,75082,AccessShareLock,t
1439955852.29556,pg_stat_database,75084,AccessShareLock,t
1439955852.29556,pg_statio_all_indexes,75086,AccessShareLock,t
1439955852.29556,pg_statio_all_tables,75082,AccessShareLock,t
1439955912.29586,lineitem,74615,RowExclusiveLock,t
1439955912.29586,pg_locks,75095,AccessShareLock,t
1439955912.29586,pg_rewrite,75099,AccessShareLock,t
1439955912.29586,pg_rewrite,75098,AccessShareLock,t
1439955912.29586,pg_rewrite_rel_rulename_index,75099,AccessShareLock,t
1439955912.29586,pg_rewrite_rel_rulename_index,75098,AccessShareLock,t
1439955912.29586,pg_stat_activity,75096,AccessShareLock,t
1439955912.29586,pg_stat_all_indexes,75098,AccessShareLock,t
1439955912.29586,pg_stat_all_tables,75099,AccessShareLock,t
1439955912.29586,pg_stat_database,75097,AccessShareLock,t
1439955912.29586,pg_statio_all_tables,75099,AccessShareLock,t
1439955972.29888,lineitem,74615,RowExclusiveLock,t
1439955972.29888,pg_locks,75110,AccessShareLock,t
1439955972.29888,pg_rewrite,75111,AccessShareLock,t
1439955972.29888,pg_rewrite_rel_rulename_index,75111,AccessShareLock,t
1439955972.29888,pg_stat_activity,75109,AccessShareLock,t
1439955972.29888,pg_stat_all_indexes,75111,AccessShareLock,t
1439955972.29888,pg_stat_all_tables,75112,AccessShareLock,t
1439955972.29888,pg_stat_database,75108,AccessShareLock,t
1439955972.29888,pg_statio_all_indexes,75111,AccessShareLock,t
1439955972.29888,pg_statio_all_tables,75112,AccessShareLock,t
1439956032.30106,lineitem,74615,ExclusiveLock,t
1439956032.30106,lineitem,74615,RowExclusiveLock,t
1439956032.30106,pg_index,75123,AccessShareLock,t
1439956032.30106,pg_locks,75121,AccessShareLock,t
1439956032.30106,pg_rewrite,75124,AccessShareLock,t
1439956032.30106,pg_rewrite_rel_rulename_index,75124,AccessShareLock,t
1439956032.30106,pg_stat_activity,75122,AccessShareLock,t
1439956032.30106,pg_stat_all_indexes,75123,AccessShareLock,t
1439956032.30106,pg_statio_all_indexes,75123,AccessShareLock,t
1439956032.30106,pg_statio_all_tables,75124,AccessShareLock,t
1439956092.30336,lineitem,74615,RowExclusiveLock,t
1439956092.30336,pg_locks,75141,AccessShareLock,t
1439956092.30336,pg_rewrite,75142,AccessShareLock,t
1439956092.30336,pg_rewrite_rel_rulename_index,75142,AccessShareLock,t
1439956092.30336,pg_stat_activity,75139,AccessShareLock,t
1439956092.30336,pg_stat_all_indexes,75142,AccessShareLock,t
1439956092.30336,pg_stat_all_tables,75140,AccessShareLock,t
1439956092.30336,pg_stat_database,75138,AccessShareLock,t
1439956092.30336,pg_statio_all_indexes,75142,AccessShareLock,t
1439956092.30336,pg_statio_all_tables,75140,AccessShareLock,t
1439956152.30543,lineitem,74615,RowExclusiveLock,t
1439956152.30543,pg_index,75151,AccessShareLock,t
1439956152.30543,pg_index,75152,AccessShareLock,t
1439956152.30543,pg_locks,75153,AccessShareLock,t
1439956152.30543,pg_namespace,75151,AccessShareLock,t
1439956152.30543,pg_namespace,75152,AccessShareLock,t
1439956152.30543,pg_stat_activity,75155,AccessShareLock,t
1439956152.30543,pg_stat_all_indexes,75152,AccessShareLock,t
1439956152.30543,pg_stat_all_tables,75151,AccessShareLock,t
1439956152.30543,pg_stat_database,75154,AccessShareLock,t
1439956152.30543,pg_statio_all_indexes,75152,AccessShareLock,t
1439956152.30543,pg_statio_all_tables,75151,AccessShareLock,t
1439956212.30767,lineitem,74615,RowExclusiveLock,t
1439956212.30767,pg_index,75176,AccessShareLock,t
1439956212.30767,pg_index,75174,AccessShareLock,t
1439956212.30767,pg_locks,75173,AccessShareLock,t
1439956212.30767,pg_namespace,75176,AccessShareLock,t
1439956212.30767,pg_stat_activity,75175,AccessShareLock,t
1439956212.30767,pg_stat_all_indexes,75176,AccessShareLock,t
1439956212.30767,pg_stat_all_tables,75174,AccessShareLock,t
1439956212.30767,pg_stat_database,75172,AccessShareLock,t
1439956212.30767,pg_statio_all_indexes,75176,AccessShareLock,t
1439956212.30767,pg_statio_all_tables,75174,AccessShareLock,t
1439956272.30959,lineitem,74615,RowExclusiveLock,t
1439956272.30959,pg_locks,75185,AccessShareLock,t
1439956272.30959,pg_operator,75189,AccessShareLock,t
1439956272.30959,pg_operator_oprname_l_r_n_index,75189,AccessShareLock,t
1439956272.30959,pg_stat_activity,75187,AccessShareLock,t
1439956272.30959,pg_stat_all_indexes,75189,AccessShareLock,t
1439956272.30959,pg_stat_all_tables,75188,AccessShareLock,t
1439956272.30959,pg_stat_database,75186,AccessShareLock,t
1439956272.30959,pg_statio_all_indexes,75189,AccessShareLock,t
1439956272.30959,pg_statio_all_tables,75188,AccessShareLock,t
1439956332.31118,lineitem,74615,RowExclusiveLock,t
1439956332.31118,pg_locks,75198,AccessShareLock,t
1439956332.31118,pg_stat_activity,75200,AccessShareLock,t
1439956332.31118,pg_stat_all_indexes,75202,AccessShareLock,t
1439956332.31118,pg_stat_all_tables,75201,AccessShareLock,t
1439956332.31118,pg_stat_database,75199,AccessShareLock,t
1439956332.31118,pg_statio_all_indexes,75202,AccessShareLock,t
1439956332.31118,pg_statio_all_tables,75201,AccessShareLock,t
1439956392.31296,lineitem,74615,RowExclusiveLock,t
1439956392.31296,lineitem,74615,ExclusiveLock,t
1439956392.31296,pg_locks,75223,AccessShareLock,t
1439956392.31296,pg_rewrite,75227,AccessShareLock,t
1439956392.31296,pg_rewrite,75225,AccessShareLock,t
1439956392.31296,pg_rewrite_rel_rulename_index,75225,AccessShareLock,t
1439956392.31296,pg_rewrite_rel_rulename_index,75227,AccessShareLock,t
1439956392.31296,pg_stat_activity,75224,AccessShareLock,t
1439956392.31296,pg_stat_all_indexes,75225,AccessShareLock,t
1439956392.31296,pg_stat_database,75226,AccessShareLock,t
1439956392.31296,pg_statio_all_tables,75227,AccessShareLock,t
1439956452.32027,lineitem,74615,RowExclusiveLock,t
1439956452.32027,lineitem,74615,ExclusiveLock,t
1439956452.32027,pg_index,75236,AccessShareLock,t
1439956452.32027,pg_index,75238,AccessShareLock,t
1439956452.32027,pg_index_indexrelid_index,75236,AccessShareLock,t
1439956452.32027,pg_index_indexrelid_index,75238,AccessShareLock,t
1439956452.32027,pg_index_indrelid_index,75236,AccessShareLock,t
1439956452.32027,pg_index_indrelid_index,75238,AccessShareLock,t
1439956452.32027,pg_locks,75239,AccessShareLock,t
1439956452.32027,pg_namespace,75238,AccessShareLock,t
1439956452.32027,pg_namespace,75236,AccessShareLock,t
1439956452.32027,pg_namespace_nspname_index,75236,AccessShareLock,t
1439956452.32027,pg_namespace_nspname_index,75238,AccessShareLock,t
1439956452.32027,pg_namespace_oid_index,75238,AccessShareLock,t
1439956452.32027,pg_namespace_oid_index,75236,AccessShareLock,t
1439956452.32027,pg_stat_all_indexes,75236,AccessShareLock,t
1439956452.32027,pg_stat_all_tables,75238,AccessShareLock,t
1439956452.32027,pg_stat_database,75240,AccessShareLock,t
1439956452.32027,pg_statio_all_indexes,75236,AccessShareLock,t
1439956452.32027,pg_statio_all_tables,75238,AccessShareLock,t
1439956512.32021,lineitem,74615,RowExclusiveLock,t
1439956512.32021,pg_index,75251,AccessShareLock,t
1439956512.32021,pg_index,75250,AccessShareLock,t
1439956512.32021,pg_locks,75252,AccessShareLock,t
1439956512.32021,pg_stat_all_indexes,75251,AccessShareLock,t
1439956512.32021,pg_stat_all_tables,75250,AccessShareLock,t
1439956512.32021,pg_stat_database,75253,AccessShareLock,t
1439956512.32021,pg_statio_all_indexes,75251,AccessShareLock,t
1439956512.32021,pg_statio_all_tables,75250,AccessShareLock,t
1439956572.32161,lineitem,74615,RowExclusiveLock,t
1439956572.32161,pg_locks,75263,AccessShareLock,t
1439956572.32161,pg_rewrite,75266,AccessShareLock,t
1439956572.32161,pg_rewrite,75265,AccessShareLock,t
1439956572.32161,pg_rewrite_rel_rulename_index,75265,AccessShareLock,t
1439956572.32161,pg_rewrite_rel_rulename_index,75266,AccessShareLock,t
1439956572.32161,pg_stat_activity,75262,AccessShareLock,t
1439956572.32161,pg_stat_all_indexes,75265,AccessShareLock,t
1439956572.32161,pg_stat_database,75264,AccessShareLock,t
1439956572.32161,pg_statio_all_tables,75266,AccessShareLock,t
1439956572.32161,pg_toast_2618,75265,AccessShareLock,t
1439956572.32161,pg_toast_2618,75266,AccessShareLock,t
1439956572.32161,pg_toast_2618_index,75266,AccessShareLock,t
1439956572.32161,pg_toast_2618_index,75265,AccessShareLock,t
1439956632.32428,lineitem,74615,RowExclusiveLock,t
1439956632.32428,pg_index,75279,AccessShareLock,t
1439956632.32428,pg_index,75278,AccessShareLock,t
1439956632.32428,pg_index_indexrelid_index,75278,AccessShareLock,t
1439956632.32428,pg_index_indexrelid_index,75279,AccessShareLock,t
1439956632.32428,pg_index_indrelid_index,75278,AccessShareLock,t
1439956632.32428,pg_index_indrelid_index,75279,AccessShareLock,t
1439956632.32428,pg_locks,75277,AccessShareLock,t
1439956632.32428,pg_namespace,75279,AccessShareLock,t
1439956632.32428,pg_namespace,75278,AccessShareLock,t
1439956632.32428,pg_namespace_nspname_index,75279,AccessShareLock,t
1439956632.32428,pg_namespace_nspname_index,75278,AccessShareLock,t
1439956632.32428,pg_namespace_oid_index,75279,AccessShareLock,t
1439956632.32428,pg_namespace_oid_index,75278,AccessShareLock,t
1439956632.32428,pg_opclass,75278,AccessShareLock,t
1439956632.32428,pg_stat_all_indexes,75278,AccessShareLock,t
1439956632.32428,pg_stat_all_tables,75279,AccessShareLock,t
1439956632.32428,pg_stat_database,75276,AccessShareLock,t
1439956632.32428,pg_statio_all_indexes,75278,AccessShareLock,t
1439956632.32428,pg_statio_all_tables,75279,AccessShareLock,t
1439956692.32518,lineitem,74615,RowExclusiveLock,t
1439956692.32518,pg_locks,75289,AccessShareLock,t
1439956692.32518,pg_stat_all_indexes,75290,AccessShareLock,t
1439956692.32518,pg_stat_all_tables,75291,AccessShareLock,t
1439956692.32518,pg_stat_database,75292,AccessShareLock,t
1439956692.32518,pg_statio_all_indexes,75290,AccessShareLock,t
1439956692.32518,pg_statio_all_tables,75291,AccessShareLock,t
1439956752.32745,lineitem,74615,RowExclusiveLock,t
1439956752.32745,lineitem,74615,ExclusiveLock,t
1439956752.32745,pg_locks,75302,AccessShareLock,t
1439956752.32745,pg_rewrite,75305,AccessShareLock,t
1439956752.32745,pg_rewrite,75303,AccessShareLock,t
1439956752.32745,pg_rewrite_rel_rulename_index,75303,AccessShareLock,t
1439956752.32745,pg_rewrite_rel_rulename_index,75305,AccessShareLock,t
1439956752.32745,pg_stat_activity,75306,AccessShareLock,t
1439956752.32745,pg_stat_all_indexes,75303,AccessShareLock,t
1439956752.32745,pg_stat_all_tables,75305,AccessShareLock,t
1439956752.32745,pg_stat_database,75304,AccessShareLock,t
1439956752.32745,pg_statio_all_indexes,75303,AccessShareLock,t
1439956752.32745,pg_statio_all_tables,75305,AccessShareLock,t
1439956812.3304,lineitem,74615,RowExclusiveLock,t
1439956812.3304,pg_locks,75322,AccessShareLock,t
1439956812.3304,pg_stat_all_indexes,75325,AccessShareLock,t
1439956812.3304,pg_stat_all_tables,75324,AccessShareLock,t
1439956812.3304,pg_stat_database,75323,AccessShareLock,t
1439956812.3304,pg_statio_all_indexes,75325,AccessShareLock,t
1439956812.3304,pg_statio_all_tables,75324,AccessShareLock,t
1439956872.33278,lineitem,74615,RowExclusiveLock,t
1439956872.33278,pg_index,75356,AccessShareLock,t
1439956872.33278,pg_index,75357,AccessShareLock,t
1439956872.33278,pg_locks,75360,AccessShareLock,t
1439956872.33278,pg_namespace,75356,AccessShareLock,t
1439956872.33278,pg_namespace,75357,AccessShareLock,t
1439956872.33278,pg_stat_activity,75359,AccessShareLock,t
1439956872.33278,pg_stat_all_indexes,75356,AccessShareLock,t
1439956872.33278,pg_stat_all_tables,75357,AccessShareLock,t
1439956872.33278,pg_stat_database,75358,AccessShareLock,t
1439956872.33278,pg_statio_all_indexes,75356,AccessShareLock,t
1439956872.33278,pg_statio_all_tables,75357,AccessShareLock,t
1439956932.34194,lineitem,75372,ShareLock,t
1439956932.34194,lineitem,75377,ShareLock,t
1439956932.34194,lineitem,75373,ShareLock,t
1439956932.34194,lineitem,75376,ShareLock,t
1439956932.34194,lineitem,75375,ShareLock,f
1439956932.34194,lineitem,75374,ShareLock,t
1439956932.34194,lineitem,75370,AccessExclusiveLock,f
1439956932.34194,lineitem,75371,ShareLock,t
1439956932.34194,pg_locks,75385,AccessShareLock,t
1439956932.34194,pg_rewrite,75387,AccessShareLock,t
1439956932.34194,pg_rewrite_rel_rulename_index,75387,AccessShareLock,t
1439956932.34194,pg_stat_activity,75386,AccessShareLock,t
1439956932.34194,pg_stat_all_indexes,75388,AccessShareLock,t
1439956932.34194,pg_stat_all_tables,75387,AccessShareLock,t
1439956932.34194,pg_stat_database,75389,AccessShareLock,t
1439956932.34194,pg_statio_all_indexes,75388,AccessShareLock,t
1439956932.34194,pg_statio_all_tables,75387,AccessShareLock,t
1439956932.34194,pg_statistic,75386,AccessShareLock,t
1439956932.34194,pg_statistic,75389,AccessShareLock,t
1439956932.34194,pg_statistic_relid_att_inh_index,75389,AccessShareLock,t
1439956932.34194,pg_statistic_relid_att_inh_index,75386,AccessShareLock,t
1439956992.34125,lineitem,75376,ShareLock,t
1439956992.34125,lineitem,75372,ShareLock,t
1439956992.34125,lineitem,75375,ShareLock,f
1439956992.34125,lineitem,75374,ShareLock,t
1439956992.34125,lineitem,75370,AccessExclusiveLock,f
1439956992.34125,lineitem,75371,ShareLock,t
1439956992.34125,lineitem,75377,ShareLock,t
1439956992.34125,lineitem,75373,ShareLock,t
1439956992.34125,pg_aggregate,75402,AccessShareLock,t
1439956992.34125,pg_aggregate_fnoid_index,75402,AccessShareLock,t
1439956992.34125,pg_amop,75401,AccessShareLock,t
1439956992.34125,pg_amop_opr_fam_index,75401,AccessShareLock,t
1439956992.34125,pg_index,75402,AccessShareLock,t
1439956992.34125,pg_index,75401,AccessShareLock,t
1439956992.34125,pg_index_indexrelid_index,75401,AccessShareLock,t
1439956992.34125,pg_index_indrelid_index,75401,AccessShareLock,t
1439956992.34125,pg_locks,75400,AccessShareLock,t
1439956992.34125,pg_namespace,75402,AccessShareLock,t
1439956992.34125,pg_namespace,75401,AccessShareLock,t
1439956992.34125,pg_namespace_nspname_index,75401,AccessShareLock,t
1439956992.34125,pg_namespace_oid_index,75401,AccessShareLock,t
1439956992.34125,pg_stat_all_indexes,75401,AccessShareLock,t
1439956992.34125,pg_stat_all_tables,75402,AccessShareLock,t
1439956992.34125,pg_stat_database,75399,AccessShareLock,t
1439956992.34125,pg_statio_all_indexes,75401,AccessShareLock,t
1439956992.34125,pg_statio_all_tables,75402,AccessShareLock,t
1439957052.3418,lineitem,75372,ShareLock,t
1439957052.3418,lineitem,75375,ShareLock,f
1439957052.3418,lineitem,75374,ShareLock,t
1439957052.3418,lineitem,75370,AccessExclusiveLock,f
1439957052.3418,lineitem,75371,ShareLock,t
1439957052.3418,lineitem,75377,ShareLock,t
1439957052.3418,lineitem,75373,ShareLock,t
1439957052.3418,lineitem,75376,ShareLock,t
1439957052.3418,pg_index,75413,AccessShareLock,t
1439957052.3418,pg_locks,75412,AccessShareLock,t
1439957052.3418,pg_stat_activity,75416,AccessShareLock,t
1439957052.3418,pg_stat_all_indexes,75414,AccessShareLock,t
1439957052.3418,pg_stat_all_tables,75413,AccessShareLock,t
1439957052.3418,pg_stat_database,75415,AccessShareLock,t
1439957052.3418,pg_statio_all_indexes,75414,AccessShareLock,t
1439957052.3418,pg_statio_all_tables,75413,AccessShareLock,t
1439957052.3418,pg_statistic,75416,AccessShareLock,t
1439957052.3418,pg_statistic_relid_att_inh_index,75416,AccessShareLock,t
1439957112.3442,lineitem,75376,ShareLock,t
1439957112.3442,lineitem,75372,ShareLock,t
1439957112.3442,lineitem,75375,ShareLock,f
1439957112.3442,lineitem,75374,ShareLock,t
1439957112.3442,lineitem,75370,AccessExclusiveLock,f
1439957112.3442,lineitem,75371,ShareLock,t
1439957112.3442,lineitem,75377,ShareLock,t
1439957112.3442,lineitem,75373,ShareLock,t
1439957112.3442,pg_amproc,75425,AccessShareLock,t
1439957112.3442,pg_amproc_fam_proc_index,75425,AccessShareLock,t
1439957112.3442,pg_locks,75426,AccessShareLock,t
1439957112.3442,pg_rewrite,75428,AccessShareLock,t
1439957112.3442,pg_rewrite,75429,AccessShareLock,t
1439957112.3442,pg_rewrite_rel_rulename_index,75428,AccessShareLock,t
1439957112.3442,pg_rewrite_rel_rulename_index,75429,AccessShareLock,t
1439957112.3442,pg_stat_activity,75425,AccessShareLock,t
1439957112.3442,pg_stat_all_indexes,75429,AccessShareLock,t
1439957112.3442,pg_stat_database,75427,AccessShareLock,t
1439957112.3442,pg_statio_all_indexes,75429,AccessShareLock,t
1439957112.3442,pg_statio_all_tables,75428,AccessShareLock,t
1439957172.34529,lineitem,75372,ShareLock,t
1439957172.34529,lineitem,75375,ShareLock,f
1439957172.34529,lineitem,75374,ShareLock,t
1439957172.34529,lineitem,75370,AccessExclusiveLock,f
1439957172.34529,lineitem,75371,ShareLock,t
1439957172.34529,lineitem,75377,ShareLock,t
1439957172.34529,lineitem,75373,ShareLock,t
1439957172.34529,lineitem,75376,ShareLock,t
1439957172.34529,pg_cast,75439,AccessShareLock,t
1439957172.34529,pg_cast_source_target_index,75439,AccessShareLock,t
1439957172.34529,pg_locks,75438,AccessShareLock,t
1439957172.34529,pg_stat_activity,75440,AccessShareLock,t
1439957172.34529,pg_stat_all_indexes,75442,AccessShareLock,t
1439957172.34529,pg_stat_all_tables,75439,AccessShareLock,t
1439957172.34529,pg_stat_database,75441,AccessShareLock,t
1439957172.34529,pg_statio_all_indexes,75442,AccessShareLock,t
1439957172.34529,pg_statio_all_tables,75439,AccessShareLock,t
1439957232.34724,lineitem,75371,ShareLock,t
1439957232.34724,lineitem,75375,ShareLock,f
1439957232.34724,lineitem,75374,ShareLock,t
1439957232.34724,lineitem,75372,ShareLock,t
1439957232.34724,lineitem,75376,ShareLock,t
1439957232.34724,lineitem,75373,ShareLock,t
1439957232.34724,lineitem,75377,ShareLock,t
1439957232.34724,lineitem,75370,AccessExclusiveLock,f
1439957232.34724,pg_cast,75455,AccessShareLock,t
1439957232.34724,pg_cast_source_target_index,75455,AccessShareLock,t
1439957232.34724,pg_locks,75451,AccessShareLock,t
1439957232.34724,pg_rewrite,75454,AccessShareLock,t
1439957232.34724,pg_rewrite_rel_rulename_index,75454,AccessShareLock,t
1439957232.34724,pg_stat_activity,75455,AccessShareLock,t
1439957232.34724,pg_stat_all_indexes,75454,AccessShareLock,t
1439957232.34724,pg_stat_all_tables,75452,AccessShareLock,t
1439957232.34724,pg_stat_database,75453,AccessShareLock,t
1439957232.34724,pg_statio_all_indexes,75454,AccessShareLock,t
1439957232.34724,pg_statio_all_tables,75452,AccessShareLock,t
1439957232.34724,pg_statistic,75453,AccessShareLock,t
1439957232.34724,pg_statistic_relid_att_inh_index,75453,AccessShareLock,t
1439957292.34881,lineitem,75375,ShareLock,f
1439957292.34881,lineitem,75372,ShareLock,t
1439957292.34881,lineitem,75376,ShareLock,t
1439957292.34881,lineitem,75373,ShareLock,t
1439957292.34881,lineitem,75377,ShareLock,t
1439957292.34881,lineitem,75370,AccessExclusiveLock,f
1439957292.34881,lineitem,75374,ShareLock,t
1439957292.34881,pg_locks,75464,AccessShareLock,t
1439957292.34881,pg_stat_activity,75465,AccessShareLock,t
1439957292.34881,pg_stat_all_indexes,75466,AccessShareLock,t
1439957292.34881,pg_stat_all_tables,75467,AccessShareLock,t
1439957292.34881,pg_stat_database,75468,AccessShareLock,t
1439957292.34881,pg_statio_all_indexes,75466,AccessShareLock,t
1439957292.34881,pg_statio_all_tables,75467,AccessShareLock,t
1439957352.35156,lineitem,75376,ShareLock,t
1439957352.35156,lineitem,75372,ShareLock,t
1439957352.35156,lineitem,75373,ShareLock,t
1439957352.35156,lineitem,75375,ShareLock,f
1439957352.35156,lineitem,75374,ShareLock,t
1439957352.35156,lineitem,75370,AccessExclusiveLock,f
1439957352.35156,lineitem,75377,ShareLock,t
1439957352.35156,pg_index,75480,AccessShareLock,t
1439957352.35156,pg_index,75479,AccessShareLock,t
1439957352.35156,pg_locks,75483,AccessShareLock,t
1439957352.35156,pg_namespace,75480,AccessShareLock,t
1439957352.35156,pg_stat_activity,75482,AccessShareLock,t
1439957352.35156,pg_stat_all_indexes,75480,AccessShareLock,t
1439957352.35156,pg_stat_all_tables,75479,AccessShareLock,t
1439957352.35156,pg_stat_database,75481,AccessShareLock,t
1439957352.35156,pg_statio_all_indexes,75480,AccessShareLock,t
1439957352.35156,pg_statio_all_tables,75479,AccessShareLock,t
1439957412.35276,lineitem,75372,ShareLock,t
1439957412.35276,lineitem,75375,ShareLock,f
1439957412.35276,lineitem,75374,ShareLock,t
1439957412.35276,lineitem,75370,AccessExclusiveLock,f
1439957412.35276,lineitem,75377,ShareLock,t
1439957412.35276,lineitem,75373,ShareLock,t
1439957412.35276,lineitem,75376,ShareLock,t
1439957412.35276,pg_amproc,75503,AccessShareLock,t
1439957412.35276,pg_index,75502,AccessShareLock,t
1439957412.35276,pg_locks,75499,AccessShareLock,t
1439957412.35276,pg_operator,75500,AccessShareLock,t
1439957412.35276,pg_operator_oprname_l_r_n_index,75500,AccessShareLock,t
1439957412.35276,pg_stat_activity,75503,AccessShareLock,t
1439957412.35276,pg_stat_all_indexes,75502,AccessShareLock,t
1439957412.35276,pg_stat_all_tables,75500,AccessShareLock,t
1439957412.35276,pg_stat_database,75501,AccessShareLock,t
1439957412.35276,pg_statio_all_indexes,75502,AccessShareLock,t
1439957412.35276,pg_statio_all_tables,75500,AccessShareLock,t
1439957472.35478,lineitem,75376,ShareLock,t
1439957472.35478,lineitem,75372,ShareLock,t
1439957472.35478,lineitem,75373,ShareLock,t
1439957472.35478,lineitem,75375,ShareLock,f
1439957472.35478,lineitem,75374,ShareLock,t
1439957472.35478,lineitem,75370,AccessExclusiveLock,f
1439957472.35478,lineitem,75377,ShareLock,t
1439957472.35478,pg_index,75516,AccessShareLock,t
1439957472.35478,pg_index,75514,AccessShareLock,t
1439957472.35478,pg_locks,75515,AccessShareLock,t
1439957472.35478,pg_namespace,75514,AccessShareLock,t
1439957472.35478,pg_stat_activity,75512,AccessShareLock,t
1439957472.35478,pg_stat_all_indexes,75514,AccessShareLock,t
1439957472.35478,pg_stat_all_tables,75516,AccessShareLock,t
1439957472.35478,pg_stat_database,75513,AccessShareLock,t
1439957472.35478,pg_statio_all_indexes,75514,AccessShareLock,t
1439957472.35478,pg_statio_all_tables,75516,AccessShareLock,t
1439957532.35602,lineitem,75375,ShareLock,f
1439957532.35602,lineitem,75372,ShareLock,t
1439957532.35602,lineitem,75376,ShareLock,t
1439957532.35602,lineitem,75373,ShareLock,t
1439957532.35602,lineitem,75377,ShareLock,t
1439957532.35602,lineitem,75370,AccessExclusiveLock,f
1439957532.35602,lineitem,75374,ShareLock,t
1439957532.35602,pg_locks,75525,AccessShareLock,t
1439957532.35602,pg_stat_activity,75526,AccessShareLock,t
1439957532.35602,pg_stat_all_indexes,75528,AccessShareLock,t
1439957532.35602,pg_stat_all_tables,75527,AccessShareLock,t
1439957532.35602,pg_stat_database,75529,AccessShareLock,t
1439957532.35602,pg_statio_all_indexes,75528,AccessShareLock,t
1439957532.35602,pg_statio_all_tables,75527,AccessShareLock,t
1439957592.35866,lineitem,75376,ShareLock,t
1439957592.35866,lineitem,75375,ShareLock,f
1439957592.35866,lineitem,75374,ShareLock,t
1439957592.35866,lineitem,75370,AccessExclusiveLock,f
1439957592.35866,lineitem,75377,ShareLock,t
1439957592.35866,lineitem,75373,ShareLock,t
1439957592.35866,pg_index,75542,AccessShareLock,t
1439957592.35866,pg_locks,75539,AccessShareLock,t
1439957592.35866,pg_stat_activity,75538,AccessShareLock,t
1439957592.35866,pg_stat_all_indexes,75542,AccessShareLock,t
1439957592.35866,pg_stat_all_tables,75540,AccessShareLock,t
1439957592.35866,pg_stat_database,75541,AccessShareLock,t
1439957592.35866,pg_statio_all_indexes,75542,AccessShareLock,t
1439957592.35866,pg_statio_all_tables,75540,AccessShareLock,t
1439957652.3604,lineitem,75375,ShareLock,f
1439957652.3604,lineitem,75376,ShareLock,t
1439957652.3604,lineitem,75373,ShareLock,t
1439957652.3604,lineitem,75377,ShareLock,t
1439957652.3604,lineitem,75370,AccessExclusiveLock,f
1439957652.3604,lineitem,75374,ShareLock,t
1439957652.3604,pg_locks,75553,AccessShareLock,t
1439957652.3604,pg_stat_all_indexes,75556,AccessShareLock,t
1439957652.3604,pg_stat_all_tables,75555,AccessShareLock,t
1439957652.3604,pg_stat_database,75554,AccessShareLock,t
1439957652.3604,pg_statio_all_indexes,75556,AccessShareLock,t
1439957652.3604,pg_statio_all_tables,75555,AccessShareLock,t
1439957712.36229,lineitem,75374,ShareLock,t
1439957712.36229,lineitem,75373,ShareLock,t
1439957712.36229,lineitem,75375,ShareLock,f
1439957712.36229,lineitem,75376,ShareLock,t
1439957712.36229,lineitem,75370,AccessExclusiveLock,f
1439957712.36229,lineitem,75377,ShareLock,t
1439957712.36229,pg_cast,75568,AccessShareLock,t
1439957712.36229,pg_cast_source_target_index,75568,AccessShareLock,t
1439957712.36229,pg_locks,75565,AccessShareLock,t
1439957712.36229,pg_stat_activity,75567,AccessShareLock,t
1439957712.36229,pg_stat_all_indexes,75569,AccessShareLock,t
1439957712.36229,pg_stat_all_tables,75568,AccessShareLock,t
1439957712.36229,pg_stat_database,75566,AccessShareLock,t
1439957712.36229,pg_statio_all_indexes,75569,AccessShareLock,t
1439957712.36229,pg_statio_all_tables,75568,AccessShareLock,t
1439957772.36454,lineitem,75376,ShareLock,t
1439957772.36454,lineitem,75375,ShareLock,f
1439957772.36454,lineitem,75370,AccessExclusiveLock,f
1439957772.36454,lineitem,75377,ShareLock,t
1439957772.36454,lineitem,75373,ShareLock,t
1439957772.36454,pg_index,75582,AccessShareLock,t
1439957772.36454,pg_locks,75578,AccessShareLock,t
1439957772.36454,pg_stat_activity,75581,AccessShareLock,t
1439957772.36454,pg_stat_all_indexes,75582,AccessShareLock,t
1439957772.36454,pg_stat_all_tables,75580,AccessShareLock,t
1439957772.36454,pg_stat_database,75579,AccessShareLock,t
1439957772.36454,pg_statio_all_indexes,75582,AccessShareLock,t
1439957772.36454,pg_statio_all_tables,75580,AccessShareLock,t
1439957832.36612,lineitem,75376,ShareLock,t
1439957832.36612,lineitem,75375,ShareLock,f
1439957832.36612,lineitem,75370,AccessExclusiveLock,f
1439957832.36612,lineitem,75373,ShareLock,t
1439957832.36612,pg_locks,75592,AccessShareLock,t
1439957832.36612,pg_namespace,75596,AccessShareLock,t
1439957832.36612,pg_namespace_nspname_index,75596,AccessShareLock,t
1439957832.36612,pg_stat_activity,75593,AccessShareLock,t
1439957832.36612,pg_stat_all_indexes,75596,AccessShareLock,t
1439957832.36612,pg_stat_all_tables,75595,AccessShareLock,t
1439957832.36612,pg_statio_all_indexes,75596,AccessShareLock,t
1439957832.36612,pg_statio_all_tables,75595,AccessShareLock,t
1439957892.36846,lineitem,75376,ShareLock,t
1439957892.36846,lineitem,75375,ShareLock,f
1439957892.36846,lineitem,75370,AccessExclusiveLock,f
1439957892.36846,lineitem,75373,ShareLock,t
1439957892.36846,pg_index,75607,AccessShareLock,t
1439957892.36846,pg_index,75608,AccessShareLock,t
1439957892.36846,pg_locks,75606,AccessShareLock,t
1439957892.36846,pg_stat_activity,75609,AccessShareLock,t
1439957892.36846,pg_stat_all_indexes,75608,AccessShareLock,t
1439957892.36846,pg_stat_all_tables,75607,AccessShareLock,t
1439957892.36846,pg_stat_database,75605,AccessShareLock,t
1439957892.36846,pg_statio_all_indexes,75608,AccessShareLock,t
1439957892.36846,pg_statio_all_tables,75607,AccessShareLock,t
1439957952.37136,lineitem,75376,ShareLock,t
1439957952.37136,lineitem,75375,ShareLock,f
1439957952.37136,lineitem,75370,AccessExclusiveLock,f
1439957952.37136,lineitem,75373,ShareLock,t
1439957952.37136,pg_index,75620,AccessShareLock,t
1439957952.37136,pg_index,75622,AccessShareLock,t
1439957952.37136,pg_locks,75619,AccessShareLock,t
1439957952.37136,pg_namespace,75620,AccessShareLock,t
1439957952.37136,pg_stat_all_indexes,75620,AccessShareLock,t
1439957952.37136,pg_stat_all_tables,75622,AccessShareLock,t
1439957952.37136,pg_stat_database,75621,AccessShareLock,t
1439957952.37136,pg_statio_all_indexes,75620,AccessShareLock,t
1439957952.37136,pg_statio_all_tables,75622,AccessShareLock,t
1439958012.37368,lineitem,75376,ShareLock,t
1439958012.37368,lineitem,75375,ShareLock,f
1439958012.37368,lineitem,75370,AccessExclusiveLock,f
1439958012.37368,lineitem,75373,ShareLock,t
1439958012.37368,pg_amop,75638,AccessShareLock,t
1439958012.37368,pg_amop_fam_strat_index,75638,AccessShareLock,t
1439958012.37368,pg_index,75638,AccessShareLock,t
1439958012.37368,pg_index,75641,AccessShareLock,t
1439958012.37368,pg_index_indexrelid_index,75638,AccessShareLock,t
1439958012.37368,pg_index_indrelid_index,75638,AccessShareLock,t
1439958012.37368,pg_locks,75642,AccessShareLock,t
1439958012.37368,pg_namespace,75641,AccessShareLock,t
1439958012.37368,pg_namespace,75638,AccessShareLock,t
1439958012.37368,pg_namespace_nspname_index,75638,AccessShareLock,t
1439958012.37368,pg_namespace_oid_index,75638,AccessShareLock,t
1439958012.37368,pg_stat_all_indexes,75638,AccessShareLock,t
1439958012.37368,pg_stat_all_tables,75641,AccessShareLock,t
1439958012.37368,pg_stat_database,75640,AccessShareLock,t
1439958012.37368,pg_statio_all_indexes,75638,AccessShareLock,t
1439958012.37368,pg_statio_all_tables,75641,AccessShareLock,t
1439958072.37435,lineitem,75376,ShareLock,t
1439958072.37435,lineitem,75375,ShareLock,f
1439958072.37435,lineitem,75370,AccessExclusiveLock,f
1439958072.37435,lineitem,75373,ShareLock,t
1439958072.37435,pg_locks,75651,AccessShareLock,t
1439958072.37435,pg_rewrite,75654,AccessShareLock,t
1439958072.37435,pg_rewrite_rel_rulename_index,75654,AccessShareLock,t
1439958072.37435,pg_stat_activity,75653,AccessShareLock,t
1439958072.37435,pg_stat_all_indexes,75655,AccessShareLock,t
1439958072.37435,pg_stat_all_tables,75654,AccessShareLock,t
1439958072.37435,pg_stat_database,75652,AccessShareLock,t
1439958072.37435,pg_statio_all_indexes,75655,AccessShareLock,t
1439958072.37435,pg_statio_all_tables,75654,AccessShareLock,t
1439958132.37681,lineitem,75376,ShareLock,t
1439958132.37681,lineitem,75375,ShareLock,f
1439958132.37681,lineitem,75370,AccessExclusiveLock,f
1439958132.37681,lineitem,75373,ShareLock,t
1439958132.37681,pg_index,75668,AccessShareLock,t
1439958132.37681,pg_locks,75666,AccessShareLock,t
1439958132.37681,pg_stat_all_indexes,75668,AccessShareLock,t
1439958132.37681,pg_stat_all_tables,75667,AccessShareLock,t
1439958132.37681,pg_stat_database,75665,AccessShareLock,t
1439958132.37681,pg_statio_all_indexes,75668,AccessShareLock,t
1439958132.37681,pg_statio_all_tables,75667,AccessShareLock,t
1439958192.37861,lineitem,75376,ShareLock,t
1439958192.37861,lineitem,75375,ShareLock,f
1439958192.37861,lineitem,75370,AccessExclusiveLock,f
1439958192.37861,lineitem,75373,ShareLock,t
1439958192.37861,pg_index,75681,AccessShareLock,t
1439958192.37861,pg_locks,75679,AccessShareLock,t
1439958192.37861,pg_stat_activity,75678,AccessShareLock,t
1439958192.37861,pg_stat_all_indexes,75681,AccessShareLock,t
1439958192.37861,pg_stat_all_tables,75680,AccessShareLock,t
1439958192.37861,pg_stat_database,75677,AccessShareLock,t
1439958192.37861,pg_statio_all_indexes,75681,AccessShareLock,t
1439958192.37861,pg_statio_all_tables,75680,AccessShareLock,t
1439958252.37997,lineitem,75376,ShareLock,t
1439958252.37997,lineitem,75375,ShareLock,f
1439958252.37997,lineitem,75370,AccessExclusiveLock,f
1439958252.37997,lineitem,75373,ShareLock,t
1439958252.37997,pg_locks,75690,AccessShareLock,t
1439958252.37997,pg_rewrite,75693,AccessShareLock,t
1439958252.37997,pg_rewrite_rel_rulename_index,75693,AccessShareLock,t
1439958252.37997,pg_stat_activity,75692,AccessShareLock,t
1439958252.37997,pg_stat_all_indexes,75694,AccessShareLock,t
1439958252.37997,pg_stat_all_tables,75693,AccessShareLock,t
1439958252.37997,pg_stat_database,75691,AccessShareLock,t
1439958252.37997,pg_statio_all_indexes,75694,AccessShareLock,t
1439958252.37997,pg_statio_all_tables,75693,AccessShareLock,t
1439958252.37997,pg_statistic,75691,AccessShareLock,t
1439958252.37997,pg_statistic_relid_att_inh_index,75691,AccessShareLock,t
1439958312.38249,lineitem,75376,ShareLock,t
1439958312.38249,lineitem,75375,ShareLock,f
1439958312.38249,lineitem,75370,AccessExclusiveLock,f
1439958312.38249,lineitem,75373,ShareLock,t
1439958312.38249,pg_locks,75705,AccessShareLock,t
1439958312.38249,pg_stat_activity,75704,AccessShareLock,t
1439958312.38249,pg_stat_all_indexes,75708,AccessShareLock,t
1439958312.38249,pg_stat_all_tables,75707,AccessShareLock,t
1439958312.38249,pg_stat_database,75706,AccessShareLock,t
1439958312.38249,pg_statio_all_indexes,75708,AccessShareLock,t
1439958312.38249,pg_statio_all_tables,75707,AccessShareLock,t
1439958372.38428,lineitem,75376,ShareLock,t
1439958372.38428,lineitem,75375,ShareLock,f
1439958372.38428,lineitem,75370,AccessExclusiveLock,f
1439958372.38428,lineitem,75373,ShareLock,t
1439958372.38428,pg_cast,75718,AccessShareLock,t
1439958372.38428,pg_cast_source_target_index,75718,AccessShareLock,t
1439958372.38428,pg_locks,75717,AccessShareLock,t
1439958372.38428,pg_rewrite,75721,AccessShareLock,t
1439958372.38428,pg_rewrite_rel_rulename_index,75721,AccessShareLock,t
1439958372.38428,pg_stat_activity,75720,AccessShareLock,t
1439958372.38428,pg_stat_all_indexes,75718,AccessShareLock,t
1439958372.38428,pg_stat_all_tables,75721,AccessShareLock,t
1439958372.38428,pg_stat_database,75719,AccessShareLock,t
1439958372.38428,pg_statio_all_indexes,75718,AccessShareLock,t
1439958372.38428,pg_statio_all_tables,75721,AccessShareLock,t
1439958432.38674,lineitem,75376,ShareLock,t
1439958432.38674,lineitem,75375,ShareLock,f
1439958432.38674,lineitem,75370,AccessExclusiveLock,f
1439958432.38674,lineitem,75373,ShareLock,t
1439958432.38674,pg_index,75734,AccessShareLock,t
1439958432.38674,pg_locks,75733,AccessShareLock,t
1439958432.38674,pg_operator,75730,AccessShareLock,t
1439958432.38674,pg_stat_activity,75732,AccessShareLock,t
1439958432.38674,pg_stat_all_indexes,75734,AccessShareLock,t
1439958432.38674,pg_stat_all_tables,75730,AccessShareLock,t
1439958432.38674,pg_stat_database,75731,AccessShareLock,t
1439958432.38674,pg_statio_all_indexes,75734,AccessShareLock,t
1439958432.38674,pg_statio_all_tables,75730,AccessShareLock,t
1439958492.38933,lineitem,75376,ShareLock,t
1439958492.38933,lineitem,75375,ShareLock,f
1439958492.38933,lineitem,75370,AccessExclusiveLock,f
1439958492.38933,lineitem,75373,ShareLock,t
1439958492.38933,pg_index,75744,AccessShareLock,t
1439958492.38933,pg_index_indexrelid_index,75744,AccessShareLock,t
1439958492.38933,pg_index_indrelid_index,75744,AccessShareLock,t
1439958492.38933,pg_locks,75747,AccessShareLock,t
1439958492.38933,pg_namespace,75744,AccessShareLock,t
1439958492.38933,pg_rewrite,75746,AccessShareLock,t
1439958492.38933,pg_rewrite_rel_rulename_index,75746,AccessShareLock,t
1439958492.38933,pg_stat_activity,75745,AccessShareLock,t
1439958492.38933,pg_stat_all_indexes,75744,AccessShareLock,t
1439958492.38933,pg_stat_all_tables,75746,AccessShareLock,t
1439958492.38933,pg_stat_database,75743,AccessShareLock,t
1439958492.38933,pg_statio_all_indexes,75744,AccessShareLock,t
1439958492.38933,pg_statio_all_tables,75746,AccessShareLock,t
1439958552.39001,lineitem,75376,ShareLock,t
1439958552.39001,lineitem,75375,ShareLock,f
1439958552.39001,lineitem,75370,AccessExclusiveLock,f
1439958552.39001,lineitem,75373,ShareLock,t
1439958552.39001,pg_locks,75756,AccessShareLock,t
1439958552.39001,pg_stat_activity,75757,AccessShareLock,t
1439958552.39001,pg_stat_all_indexes,75760,AccessShareLock,t
1439958552.39001,pg_stat_all_tables,75759,AccessShareLock,t
1439958552.39001,pg_stat_database,75758,AccessShareLock,t
1439958552.39001,pg_statio_all_indexes,75760,AccessShareLock,t
1439958552.39001,pg_statio_all_tables,75759,AccessShareLock,t
1439958612.39245,lineitem,75376,ShareLock,t
1439958612.39245,lineitem,75375,ShareLock,f
1439958612.39245,lineitem,75370,AccessExclusiveLock,f
1439958612.39245,lineitem,75373,ShareLock,t
1439958612.39245,pg_index,75778,AccessShareLock,t
1439958612.39245,pg_index,75779,AccessShareLock,t
1439958612.39245,pg_locks,75777,AccessShareLock,t
1439958612.39245,pg_namespace,75778,AccessShareLock,t
1439958612.39245,pg_namespace,75779,AccessShareLock,t
1439958612.39245,pg_stat_activity,75780,AccessShareLock,t
1439958612.39245,pg_stat_all_indexes,75778,AccessShareLock,t
1439958612.39245,pg_stat_all_tables,75779,AccessShareLock,t
1439958612.39245,pg_stat_database,75781,AccessShareLock,t
1439958612.39245,pg_statio_all_indexes,75778,AccessShareLock,t
1439958612.39245,pg_statio_all_tables,75779,AccessShareLock,t
1439958672.39434,lineitem,75376,ShareLock,t
1439958672.39434,lineitem,75375,ShareLock,f
1439958672.39434,lineitem,75370,AccessExclusiveLock,f
1439958672.39434,lineitem,75373,ShareLock,t
1439958672.39434,pg_index,75792,AccessShareLock,t
1439958672.39434,pg_index,75794,AccessShareLock,t
1439958672.39434,pg_locks,75790,AccessShareLock,t
1439958672.39434,pg_namespace,75792,AccessShareLock,t
1439958672.39434,pg_namespace,75794,AccessShareLock,t
1439958672.39434,pg_stat_activity,75791,AccessShareLock,t
1439958672.39434,pg_stat_all_indexes,75794,AccessShareLock,t
1439958672.39434,pg_stat_all_tables,75792,AccessShareLock,t
1439958672.39434,pg_stat_database,75793,AccessShareLock,t
1439958672.39434,pg_statio_all_indexes,75794,AccessShareLock,t
1439958672.39434,pg_statio_all_tables,75792,AccessShareLock,t
1439958732.39577,lineitem,75376,ShareLock,t
1439958732.39577,lineitem,75375,ShareLock,f
1439958732.39577,lineitem,75370,AccessExclusiveLock,f
1439958732.39577,lineitem,75373,ShareLock,t
1439958732.39577,pg_index,75803,AccessShareLock,t
1439958732.39577,pg_index,75807,AccessShareLock,t
1439958732.39577,pg_locks,75805,AccessShareLock,t
1439958732.39577,pg_namespace,75803,AccessShareLock,t
1439958732.39577,pg_stat_activity,75804,AccessShareLock,t
1439958732.39577,pg_stat_all_indexes,75807,AccessShareLock,t
1439958732.39577,pg_stat_all_tables,75803,AccessShareLock,t
1439958732.39577,pg_stat_database,75806,AccessShareLock,t
1439958732.39577,pg_statio_all_indexes,75807,AccessShareLock,t
1439958732.39577,pg_statio_all_tables,75803,AccessShareLock,t
1439958792.39858,lineitem,75376,ShareLock,t
1439958792.39858,lineitem,75375,ShareLock,f
1439958792.39858,lineitem,75370,AccessExclusiveLock,f
1439958792.39858,lineitem,75373,ShareLock,t
1439958792.39858,pg_aggregate,75819,AccessShareLock,t
1439958792.39858,pg_aggregate_fnoid_index,75819,AccessShareLock,t
1439958792.39858,pg_index,75819,AccessShareLock,t
1439958792.39858,pg_index,75820,AccessShareLock,t
1439958792.39858,pg_locks,75818,AccessShareLock,t
1439958792.39858,pg_namespace,75820,AccessShareLock,t
1439958792.39858,pg_namespace,75819,AccessShareLock,t
1439958792.39858,pg_stat_all_indexes,75820,AccessShareLock,t
1439958792.39858,pg_stat_all_tables,75819,AccessShareLock,t
1439958792.39858,pg_stat_database,75816,AccessShareLock,t
1439958792.39858,pg_statio_all_indexes,75820,AccessShareLock,t
1439958792.39858,pg_statio_all_tables,75819,AccessShareLock,t
1439958852.39945,lineitem,75376,ShareLock,t
1439958852.39945,lineitem,75375,ShareLock,f
1439958852.39945,lineitem,75370,AccessExclusiveLock,f
1439958852.39945,lineitem,75373,ShareLock,t
1439958852.39945,pg_index,75833,AccessShareLock,t
1439958852.39945,pg_locks,75830,AccessShareLock,t
1439958852.39945,pg_stat_activity,75829,AccessShareLock,t
1439958852.39945,pg_stat_all_indexes,75833,AccessShareLock,t
1439958852.39945,pg_stat_all_tables,75832,AccessShareLock,t
1439958852.39945,pg_stat_database,75831,AccessShareLock,t
1439958852.39945,pg_statio_all_indexes,75833,AccessShareLock,t
1439958852.39945,pg_statio_all_tables,75832,AccessShareLock,t
1439958912.40118,lineitem,75376,ShareLock,t
1439958912.40118,lineitem,75375,ShareLock,f
1439958912.40118,lineitem,75370,AccessExclusiveLock,f
1439958912.40118,pg_cast,75846,AccessShareLock,t
1439958912.40118,pg_locks,75842,AccessShareLock,t
1439958912.40118,pg_operator,75843,AccessShareLock,t
1439958912.40118,pg_operator_oprname_l_r_n_index,75843,AccessShareLock,t
1439958912.40118,pg_stat_activity,75845,AccessShareLock,t
1439958912.40118,pg_stat_all_indexes,75846,AccessShareLock,t
1439958912.40118,pg_stat_all_tables,75843,AccessShareLock,t
1439958912.40118,pg_stat_database,75844,AccessShareLock,t
1439958912.40118,pg_statio_all_indexes,75846,AccessShareLock,t
1439958912.40118,pg_statio_all_tables,75843,AccessShareLock,t
1439958972.40454,lineitem,75376,ShareLock,t
1439958972.40454,lineitem,75375,ShareLock,f
1439958972.40454,lineitem,75370,AccessExclusiveLock,f
1439958972.40454,pg_index,75857,AccessShareLock,t
1439958972.40454,pg_locks,75858,AccessShareLock,t
1439958972.40454,pg_namespace,75857,AccessShareLock,t
1439958972.40454,pg_stat_activity,75860,AccessShareLock,t
1439958972.40454,pg_stat_all_indexes,75857,AccessShareLock,t
1439958972.40454,pg_stat_all_tables,75861,AccessShareLock,t
1439958972.40454,pg_stat_database,75859,AccessShareLock,t
1439958972.40454,pg_statio_all_indexes,75857,AccessShareLock,t
1439958972.40454,pg_statio_all_tables,75861,AccessShareLock,t
1439959032.40567,lineitem,75376,ShareLock,t
1439959032.40567,lineitem,75375,ShareLock,f
1439959032.40567,lineitem,75370,AccessExclusiveLock,f
1439959032.40567,pg_index,75872,AccessShareLock,t
1439959032.40567,pg_index,75871,AccessShareLock,t
1439959032.40567,pg_locks,75874,AccessShareLock,t
1439959032.40567,pg_namespace,75872,AccessShareLock,t
1439959032.40567,pg_namespace,75871,AccessShareLock,t
1439959032.40567,pg_stat_all_indexes,75872,AccessShareLock,t
1439959032.40567,pg_stat_all_tables,75871,AccessShareLock,t
1439959032.40567,pg_stat_database,75870,AccessShareLock,t
1439959032.40567,pg_statio_all_indexes,75872,AccessShareLock,t
1439959032.40567,pg_statio_all_tables,75871,AccessShareLock,t
1439959092.40689,lineitem,75376,ShareLock,t
1439959092.40689,lineitem,75375,ShareLock,f
1439959092.40689,lineitem,75370,AccessExclusiveLock,f
1439959092.40689,pg_locks,75883,AccessShareLock,t
1439959092.40689,pg_stat_activity,75885,AccessShareLock,t
1439959092.40689,pg_stat_all_indexes,75887,AccessShareLock,t
1439959092.40689,pg_stat_all_tables,75886,AccessShareLock,t
1439959092.40689,pg_stat_database,75884,AccessShareLock,t
1439959092.40689,pg_statio_all_indexes,75887,AccessShareLock,t
1439959092.40689,pg_statio_all_tables,75886,AccessShareLock,t
1439959152.40873,lineitem,75376,ShareLock,t
1439959152.40873,lineitem,75375,ShareLock,f
1439959152.40873,lineitem,75370,AccessExclusiveLock,f
1439959152.40873,pg_index,75898,AccessShareLock,t
1439959152.40873,pg_index,75900,AccessShareLock,t
1439959152.40873,pg_locks,75897,AccessShareLock,t
1439959152.40873,pg_namespace,75900,AccessShareLock,t
1439959152.40873,pg_stat_activity,75896,AccessShareLock,t
1439959152.40873,pg_stat_all_indexes,75900,AccessShareLock,t
1439959152.40873,pg_stat_all_tables,75898,AccessShareLock,t
1439959152.40873,pg_stat_database,75899,AccessShareLock,t
1439959152.40873,pg_statio_all_indexes,75900,AccessShareLock,t
1439959152.40873,pg_statio_all_tables,75898,AccessShareLock,t
1439959212.40983,lineitem,75376,ShareLock,t
1439959212.40983,lineitem,75375,ShareLock,f
1439959212.40983,lineitem,75370,AccessExclusiveLock,f
1439959212.40983,pg_locks,75916,AccessShareLock,t
1439959212.40983,pg_stat_activity,75918,AccessShareLock,t
1439959212.40983,pg_stat_all_indexes,75919,AccessShareLock,t
1439959212.40983,pg_stat_database,75917,AccessShareLock,t
1439959212.40983,pg_statio_all_indexes,75919,AccessShareLock,t
1439959212.40983,pg_statio_all_tables,75920,AccessShareLock,t
1439959272.41261,lineitem,75376,ShareLock,t
1439959272.41261,lineitem,75375,ShareLock,f
1439959272.41261,lineitem,75370,AccessExclusiveLock,f
1439959272.41261,pg_amop,75932,AccessShareLock,t
1439959272.41261,pg_amop_opr_fam_index,75932,AccessShareLock,t
1439959272.41261,pg_index,75931,AccessShareLock,t
1439959272.41261,pg_index,75932,AccessShareLock,t
1439959272.41261,pg_locks,75930,AccessShareLock,t
1439959272.41261,pg_namespace,75932,AccessShareLock,t
1439959272.41261,pg_namespace,75931,AccessShareLock,t
1439959272.41261,pg_stat_activity,75933,AccessShareLock,t
1439959272.41261,pg_stat_all_indexes,75931,AccessShareLock,t
1439959272.41261,pg_stat_all_tables,75932,AccessShareLock,t
1439959272.41261,pg_stat_database,75929,AccessShareLock,t
1439959272.41261,pg_statio_all_indexes,75931,AccessShareLock,t
1439959272.41261,pg_statio_all_tables,75932,AccessShareLock,t
1439959332.41442,lineitem,75376,ShareLock,t
1439959332.41442,lineitem,75375,ShareLock,f
1439959332.41442,lineitem,75370,AccessExclusiveLock,f
1439959332.41442,pg_index,75945,AccessShareLock,t
1439959332.41442,pg_locks,75942,AccessShareLock,t
1439959332.41442,pg_namespace,75945,AccessShareLock,t
1439959332.41442,pg_stat_activity,75943,AccessShareLock,t
1439959332.41442,pg_stat_all_indexes,75945,AccessShareLock,t
1439959332.41442,pg_stat_all_tables,75946,AccessShareLock,t
1439959332.41442,pg_stat_database,75944,AccessShareLock,t
1439959332.41442,pg_statio_all_indexes,75945,AccessShareLock,t
1439959332.41442,pg_statio_all_tables,75946,AccessShareLock,t
1439959392.41742,lineitem,75376,ShareLock,t
1439959392.41742,lineitem,75375,ShareLock,f
1439959392.41742,lineitem,75370,AccessExclusiveLock,f
1439959392.41742,pg_index,75957,AccessShareLock,t
1439959392.41742,pg_index,75959,AccessShareLock,t
1439959392.41742,pg_locks,75956,AccessShareLock,t
1439959392.41742,pg_namespace,75959,AccessShareLock,t
1439959392.41742,pg_stat_activity,75958,AccessShareLock,t
1439959392.41742,pg_stat_all_indexes,75959,AccessShareLock,t
1439959392.41742,pg_stat_all_tables,75957,AccessShareLock,t
1439959392.41742,pg_stat_database,75955,AccessShareLock,t
1439959392.41742,pg_statio_all_indexes,75959,AccessShareLock,t
1439959392.41742,pg_statio_all_tables,75957,AccessShareLock,t
1439959452.41926,lineitem,75376,ShareLock,t
1439959452.41926,lineitem,75375,ShareLock,f
1439959452.41926,lineitem,75370,AccessExclusiveLock,f
1439959452.41926,pg_amop,75971,AccessShareLock,t
1439959452.41926,pg_amop_opr_fam_index,75971,AccessShareLock,t
1439959452.41926,pg_index,75972,AccessShareLock,t
1439959452.41926,pg_index,75971,AccessShareLock,t
1439959452.41926,pg_locks,75970,AccessShareLock,t
1439959452.41926,pg_namespace,75971,AccessShareLock,t
1439959452.41926,pg_stat_all_indexes,75972,AccessShareLock,t
1439959452.41926,pg_stat_all_tables,75971,AccessShareLock,t
1439959452.41926,pg_stat_database,75968,AccessShareLock,t
1439959452.41926,pg_statio_all_indexes,75972,AccessShareLock,t
1439959452.41926,pg_statio_all_tables,75971,AccessShareLock,t
1439959512.42062,lineitem,75376,ShareLock,t
1439959512.42062,lineitem,75375,ShareLock,f
1439959512.42062,lineitem,75370,AccessExclusiveLock,f
1439959512.42062,pg_locks,75984,AccessShareLock,t
1439959512.42062,pg_stat_activity,75983,AccessShareLock,t
1439959512.42062,pg_stat_all_indexes,75985,AccessShareLock,t
1439959512.42062,pg_stat_all_tables,75986,AccessShareLock,t
1439959512.42062,pg_stat_database,75987,AccessShareLock,t
1439959512.42062,pg_statio_all_indexes,75985,AccessShareLock,t
1439959512.42062,pg_statio_all_tables,75986,AccessShareLock,t
1439959572.42293,lineitem,75376,ShareLock,t
1439959572.42293,lineitem,75375,ShareLock,f
1439959572.42293,lineitem,75370,AccessExclusiveLock,f
1439959572.42293,pg_index,76001,AccessShareLock,t
1439959572.42293,pg_locks,75998,AccessShareLock,t
1439959572.42293,pg_namespace,76001,AccessShareLock,t
1439959572.42293,pg_stat_activity,76000,AccessShareLock,t
1439959572.42293,pg_stat_all_indexes,76001,AccessShareLock,t
1439959572.42293,pg_stat_all_tables,76002,AccessShareLock,t
1439959572.42293,pg_stat_database,75999,AccessShareLock,t
1439959572.42293,pg_statio_all_indexes,76001,AccessShareLock,t
1439959572.42293,pg_statio_all_tables,76002,AccessShareLock,t
1439959632.425,lineitem,75376,ShareLock,t
1439959632.425,lineitem,75375,ShareLock,f
1439959632.425,lineitem,75370,AccessExclusiveLock,f
1439959632.425,pg_amop,76011,AccessShareLock,t
1439959632.425,pg_amop_fam_strat_index,76011,AccessShareLock,t
1439959632.425,pg_locks,76012,AccessShareLock,t
1439959632.425,pg_stat_activity,76011,AccessShareLock,t
1439959632.425,pg_stat_all_indexes,76015,AccessShareLock,t
1439959632.425,pg_stat_all_tables,76014,AccessShareLock,t
1439959632.425,pg_stat_database,76013,AccessShareLock,t
1439959632.425,pg_statio_all_indexes,76015,AccessShareLock,t
1439959632.425,pg_statio_all_tables,76014,AccessShareLock,t
1439959692.4267,lineitem,75370,AccessExclusiveLock,t
1439959692.4267,lineitem,75375,ShareLock,f
1439959692.4267,lineitem,75370,ShareLock,t
1439959692.4267,pg_index,76026,AccessShareLock,t
1439959692.4267,pg_locks,76025,AccessShareLock,t
1439959692.4267,pg_operator,76027,AccessShareLock,t
1439959692.4267,pg_operator_oprname_l_r_n_index,76027,AccessShareLock,t
1439959692.4267,pg_stat_activity,76024,AccessShareLock,t
1439959692.4267,pg_stat_all_indexes,76027,AccessShareLock,t
1439959692.4267,pg_stat_all_tables,76026,AccessShareLock,t
1439959692.4267,pg_stat_database,76028,AccessShareLock,t
1439959692.4267,pg_statio_all_indexes,76027,AccessShareLock,t
1439959692.4267,pg_statio_all_tables,76026,AccessShareLock,t
1439959752.42895,lineitem,75370,AccessExclusiveLock,t
1439959752.42895,lineitem,75375,ShareLock,f
1439959752.42895,lineitem,75370,ShareLock,t
1439959752.42895,pg_index,76040,AccessShareLock,t
1439959752.42895,pg_locks,76038,AccessShareLock,t
1439959752.42895,pg_namespace,76040,AccessShareLock,t
1439959752.42895,pg_stat_activity,76037,AccessShareLock,t
1439959752.42895,pg_stat_all_indexes,76040,AccessShareLock,t
1439959752.42895,pg_stat_all_tables,76041,AccessShareLock,t
1439959752.42895,pg_stat_database,76039,AccessShareLock,t
1439959752.42895,pg_statio_all_indexes,76040,AccessShareLock,t
1439959752.42895,pg_statio_all_tables,76041,AccessShareLock,t
1439959812.43088,lineitem,75370,AccessExclusiveLock,t
1439959812.43088,lineitem,75375,ShareLock,f
1439959812.43088,lineitem,75370,ShareLock,t
1439959812.43088,pg_locks,76060,AccessShareLock,t
1439959812.43088,pg_stat_activity,76059,AccessShareLock,t
1439959812.43088,pg_stat_all_indexes,76062,AccessShareLock,t
1439959812.43088,pg_stat_all_tables,76063,AccessShareLock,t
1439959812.43088,pg_stat_database,76061,AccessShareLock,t
1439959812.43088,pg_statio_all_indexes,76062,AccessShareLock,t
1439959812.43088,pg_statio_all_tables,76063,AccessShareLock,t
1439959872.43251,lineitem,75370,AccessExclusiveLock,t
1439959872.43251,lineitem,75375,ShareLock,f
1439959872.43251,lineitem,75370,ShareLock,t
1439959872.43251,pg_index,76075,AccessShareLock,t
1439959872.43251,pg_locks,76073,AccessShareLock,t
1439959872.43251,pg_stat_activity,76072,AccessShareLock,t
1439959872.43251,pg_stat_all_indexes,76075,AccessShareLock,t
1439959872.43251,pg_stat_all_tables,76076,AccessShareLock,t
1439959872.43251,pg_stat_database,76074,AccessShareLock,t
1439959872.43251,pg_statio_all_indexes,76075,AccessShareLock,t
1439959872.43251,pg_statio_all_tables,76076,AccessShareLock,t
1439959932.43491,lineitem,75370,AccessExclusiveLock,t
1439959932.43491,lineitem,75375,ShareLock,f
1439959932.43491,lineitem,75370,ShareLock,t
1439959932.43491,pg_index,76089,AccessShareLock,t
1439959932.43491,pg_index,76088,AccessShareLock,t
1439959932.43491,pg_locks,76086,AccessShareLock,t
1439959932.43491,pg_namespace,76088,AccessShareLock,t
1439959932.43491,pg_stat_activity,76085,AccessShareLock,t
1439959932.43491,pg_stat_all_indexes,76088,AccessShareLock,t
1439959932.43491,pg_stat_all_tables,76089,AccessShareLock,t
1439959932.43491,pg_stat_database,76087,AccessShareLock,t
1439959932.43491,pg_statio_all_indexes,76088,AccessShareLock,t
1439959932.43491,pg_statio_all_tables,76089,AccessShareLock,t
1439959992.43634,lineitem,75370,AccessExclusiveLock,t
1439959992.43634,lineitem,75370,ShareLock,t
1439959992.43634,lineitem,75375,ShareLock,f
1439959992.43634,pg_index,76103,AccessShareLock,t
1439959992.43634,pg_index,76101,AccessShareLock,t
1439959992.43634,pg_index_indrelid_index,76103,AccessShareLock,t
1439959992.43634,pg_locks,76100,AccessShareLock,t
1439959992.43634,pg_operator,76102,AccessShareLock,t
1439959992.43634,pg_operator_oprname_l_r_n_index,76102,AccessShareLock,t
1439959992.43634,pg_stat_activity,76104,AccessShareLock,t
1439959992.43634,pg_stat_all_indexes,76102,AccessShareLock,t
1439959992.43634,pg_stat_all_tables,76101,AccessShareLock,t
1439959992.43634,pg_stat_database,76103,AccessShareLock,t
1439959992.43634,pg_statio_all_indexes,76102,AccessShareLock,t
1439959992.43634,pg_statio_all_tables,76101,AccessShareLock,t
1439960052.43861,lineitem,75370,AccessExclusiveLock,t
1439960052.43861,lineitem,75375,ShareLock,f
1439960052.43861,lineitem,75370,ShareLock,t
1439960052.43861,pg_index,76118,AccessShareLock,t
1439960052.43861,pg_locks,76115,AccessShareLock,t
1439960052.43861,pg_stat_activity,76116,AccessShareLock,t
1439960052.43861,pg_stat_all_indexes,76118,AccessShareLock,t
1439960052.43861,pg_stat_all_tables,76117,AccessShareLock,t
1439960052.43861,pg_stat_database,76114,AccessShareLock,t
1439960052.43861,pg_statio_all_indexes,76118,AccessShareLock,t
1439960052.43861,pg_statio_all_tables,76117,AccessShareLock,t
1439960112.44073,lineitem,75370,AccessExclusiveLock,t
1439960112.44073,lineitem,75375,ShareLock,f
1439960112.44073,lineitem,75370,ShareLock,t
1439960112.44073,pg_index,76131,AccessShareLock,t
1439960112.44073,pg_index,76129,AccessShareLock,t
1439960112.44073,pg_locks,76130,AccessShareLock,t
1439960112.44073,pg_stat_activity,76127,AccessShareLock,t
1439960112.44073,pg_stat_all_indexes,76131,AccessShareLock,t
1439960112.44073,pg_stat_all_tables,76129,AccessShareLock,t
1439960112.44073,pg_stat_database,76128,AccessShareLock,t
1439960112.44073,pg_statio_all_indexes,76131,AccessShareLock,t
1439960112.44073,pg_statio_all_tables,76129,AccessShareLock,t
1439960172.44249,lineitem,75370,AccessExclusiveLock,t
1439960172.44249,lineitem,75375,ShareLock,f
1439960172.44249,lineitem,75370,ShareLock,t
1439960172.44249,pg_index,76144,AccessShareLock,t
1439960172.44249,pg_locks,76140,AccessShareLock,t
1439960172.44249,pg_stat_activity,76141,AccessShareLock,t
1439960172.44249,pg_stat_all_indexes,76144,AccessShareLock,t
1439960172.44249,pg_stat_all_tables,76143,AccessShareLock,t
1439960172.44249,pg_stat_database,76142,AccessShareLock,t
1439960172.44249,pg_statio_all_indexes,76144,AccessShareLock,t
1439960172.44249,pg_statio_all_tables,76143,AccessShareLock,t
1439960232.44485,lineitem,75370,AccessExclusiveLock,t
1439960232.44485,lineitem,75375,ShareLock,f
1439960232.44485,lineitem,75370,ShareLock,t
1439960232.44485,pg_index,76158,AccessShareLock,t
1439960232.44485,pg_locks,76155,AccessShareLock,t
1439960232.44485,pg_stat_activity,76154,AccessShareLock,t
1439960232.44485,pg_stat_all_indexes,76158,AccessShareLock,t
1439960232.44485,pg_stat_all_tables,76157,AccessShareLock,t
1439960232.44485,pg_stat_database,76156,AccessShareLock,t
1439960232.44485,pg_statio_all_indexes,76158,AccessShareLock,t
1439960232.44485,pg_statio_all_tables,76157,AccessShareLock,t
1439960292.44657,lineitem,75370,AccessExclusiveLock,t
1439960292.44657,lineitem,75375,ShareLock,f
1439960292.44657,lineitem,75370,ShareLock,t
1439960292.44657,pg_cast,76170,AccessShareLock,t
1439960292.44657,pg_cast_source_target_index,76170,AccessShareLock,t
1439960292.44657,pg_locks,76167,AccessShareLock,t
1439960292.44657,pg_operator,76171,AccessShareLock,t
1439960292.44657,pg_operator_oprname_l_r_n_index,76171,AccessShareLock,t
1439960292.44657,pg_stat_activity,76169,AccessShareLock,t
1439960292.44657,pg_stat_all_indexes,76171,AccessShareLock,t
1439960292.44657,pg_stat_all_tables,76170,AccessShareLock,t
1439960292.44657,pg_stat_database,76168,AccessShareLock,t
1439960292.44657,pg_statio_all_indexes,76171,AccessShareLock,t
1439960292.44657,pg_statio_all_tables,76170,AccessShareLock,t
1439960352.44895,lineitem,75370,AccessExclusiveLock,t
1439960352.44895,lineitem,75370,ShareLock,t
1439960352.44895,lineitem,75375,ShareLock,f
1439960352.44895,pg_amproc,76182,AccessShareLock,t
1439960352.44895,pg_amproc_fam_proc_index,76182,AccessShareLock,t
1439960352.44895,pg_index,76181,AccessShareLock,t
1439960352.44895,pg_locks,76180,AccessShareLock,t
1439960352.44895,pg_namespace,76181,AccessShareLock,t
1439960352.44895,pg_rewrite,76184,AccessShareLock,t
1439960352.44895,pg_rewrite_rel_rulename_index,76184,AccessShareLock,t
1439960352.44895,pg_stat_activity,76182,AccessShareLock,t
1439960352.44895,pg_stat_all_indexes,76181,AccessShareLock,t
1439960352.44895,pg_stat_all_tables,76184,AccessShareLock,t
1439960352.44895,pg_stat_database,76183,AccessShareLock,t
1439960352.44895,pg_statio_all_indexes,76181,AccessShareLock,t
1439960352.44895,pg_statio_all_tables,76184,AccessShareLock,t
1439960412.45231,lineitem,75370,AccessExclusiveLock,t
1439960412.45231,lineitem,75375,ShareLock,f
1439960412.45231,lineitem,75370,ShareLock,t
1439960412.45231,pg_index,76200,AccessShareLock,t
1439960412.45231,pg_locks,76202,AccessShareLock,t
1439960412.45231,pg_namespace,76200,AccessShareLock,t
1439960412.45231,pg_stat_activity,76201,AccessShareLock,t
1439960412.45231,pg_stat_all_indexes,76204,AccessShareLock,t
1439960412.45231,pg_stat_all_tables,76200,AccessShareLock,t
1439960412.45231,pg_stat_database,76203,AccessShareLock,t
1439960412.45231,pg_statio_all_indexes,76204,AccessShareLock,t
1439960412.45231,pg_statio_all_tables,76200,AccessShareLock,t
1439960472.45506,lineitem,75370,AccessExclusiveLock,t
1439960472.45506,lineitem,75375,ShareLock,f
1439960472.45506,lineitem,75370,ShareLock,t
1439960472.45506,pg_amop,76239,AccessShareLock,t
1439960472.45506,pg_amop,76238,AccessShareLock,t
1439960472.45506,pg_amop_opr_fam_index,76238,AccessShareLock,t
1439960472.45506,pg_amop_opr_fam_index,76239,AccessShareLock,t
1439960472.45506,pg_index,76238,AccessShareLock,t
1439960472.45506,pg_index,76239,AccessShareLock,t
1439960472.45506,pg_index_indexrelid_index,76238,AccessShareLock,t
1439960472.45506,pg_index_indrelid_index,76238,AccessShareLock,t
1439960472.45506,pg_locks,76236,AccessShareLock,t
1439960472.45506,pg_namespace,76239,AccessShareLock,t
1439960472.45506,pg_namespace,76238,AccessShareLock,t
1439960472.45506,pg_namespace_nspname_index,76238,AccessShareLock,t
1439960472.45506,pg_namespace_oid_index,76238,AccessShareLock,t
1439960472.45506,pg_stat_all_indexes,76238,AccessShareLock,t
1439960472.45506,pg_stat_all_tables,76239,AccessShareLock,t
1439960472.45506,pg_stat_database,76237,AccessShareLock,t
1439960472.45506,pg_statio_all_indexes,76238,AccessShareLock,t
1439960472.45506,pg_statio_all_tables,76239,AccessShareLock,t
1439960532.45561,lineitem,75370,ShareLock,t
1439960532.45561,lineitem,75370,AccessExclusiveLock,t
1439960532.45561,lineitem,75375,ShareLock,f
1439960532.45561,pg_locks,76248,AccessShareLock,t
1439960532.45561,pg_rewrite,76250,AccessShareLock,t
1439960532.45561,pg_rewrite,76252,AccessShareLock,t
1439960532.45561,pg_rewrite_rel_rulename_index,76252,AccessShareLock,t
1439960532.45561,pg_rewrite_rel_rulename_index,76250,AccessShareLock,t
1439960532.45561,pg_stat_activity,76249,AccessShareLock,t
1439960532.45561,pg_stat_all_indexes,76252,AccessShareLock,t
1439960532.45561,pg_stat_all_tables,76250,AccessShareLock,t
1439960532.45561,pg_stat_database,76251,AccessShareLock,t
1439960532.45561,pg_statio_all_indexes,76252,AccessShareLock,t
1439960532.45561,pg_statio_all_tables,76250,AccessShareLock,t
1439960592.45841,lineitem,75370,AccessExclusiveLock,t
1439960592.45841,lineitem,75375,ShareLock,f
1439960592.45841,lineitem,75370,ShareLock,t
1439960592.45841,pg_index,76264,AccessShareLock,t
1439960592.45841,pg_locks,76265,AccessShareLock,t
1439960592.45841,pg_namespace,76264,AccessShareLock,t
1439960592.45841,pg_stat_activity,76263,AccessShareLock,t
1439960592.45841,pg_stat_all_indexes,76264,AccessShareLock,t
1439960592.45841,pg_stat_all_tables,76266,AccessShareLock,t
1439960592.45841,pg_stat_database,76262,AccessShareLock,t
1439960592.45841,pg_statio_all_indexes,76264,AccessShareLock,t
1439960592.45841,pg_statio_all_tables,76266,AccessShareLock,t
1439960652.46093,lineitem,75375,ShareLock,t
1439960652.46093,pg_index,76278,AccessShareLock,t
1439960652.46093,pg_index,76277,AccessShareLock,t
1439960652.46093,pg_locks,76279,AccessShareLock,t
1439960652.46093,pg_namespace,76277,AccessShareLock,t
1439960652.46093,pg_stat_all_indexes,76277,AccessShareLock,t
1439960652.46093,pg_stat_all_tables,76278,AccessShareLock,t
1439960652.46093,pg_stat_database,76276,AccessShareLock,t
1439960652.46093,pg_statio_all_indexes,76277,AccessShareLock,t
1439960652.46093,pg_statio_all_tables,76278,AccessShareLock,t
1439960712.46243,lineitem,75375,ShareLock,t
1439960712.46243,pg_index,76292,AccessShareLock,t
1439960712.46243,pg_locks,76290,AccessShareLock,t
1439960712.46243,pg_rewrite,76291,AccessShareLock,t
1439960712.46243,pg_rewrite_rel_rulename_index,76291,AccessShareLock,t
1439960712.46243,pg_stat_activity,76289,AccessShareLock,t
1439960712.46243,pg_stat_all_indexes,76292,AccessShareLock,t
1439960712.46243,pg_stat_database,76288,AccessShareLock,t
1439960712.46243,pg_statio_all_indexes,76292,AccessShareLock,t
1439960712.46243,pg_statio_all_tables,76291,AccessShareLock,t
1439960772.46487,lineitem,75375,ShareLock,t
1439960772.46487,pg_index,76304,AccessShareLock,t
1439960772.46487,pg_index,76305,AccessShareLock,t
1439960772.46487,pg_index_indrelid_index,76304,AccessShareLock,t
1439960772.46487,pg_locks,76303,AccessShareLock,t
1439960772.46487,pg_rewrite,76304,AccessShareLock,t
1439960772.46487,pg_rewrite_rel_rulename_index,76304,AccessShareLock,t
1439960772.46487,pg_stat_activity,76302,AccessShareLock,t
1439960772.46487,pg_stat_all_indexes,76305,AccessShareLock,t
1439960772.46487,pg_stat_database,76301,AccessShareLock,t
1439960772.46487,pg_statio_all_indexes,76305,AccessShareLock,t
1439960772.46487,pg_statio_all_tables,76304,AccessShareLock,t
1439960772.46487,pg_toast_2618,76304,AccessShareLock,t
1439960832.46686,lineitem,76308,ShareUpdateExclusiveLock,t
1439960832.46686,lineitem_l_orderkey_idx,76308,RowExclusiveLock,t
1439960832.46686,lineitem_l_orderkey_idx_l_returnflag,76308,RowExclusiveLock,t
1439960832.46686,lineitem_l_orderkey_idx_part1,76308,RowExclusiveLock,t
1439960832.46686,lineitem_l_orderkey_idx_part2,76308,RowExclusiveLock,t
1439960832.46686,lineitem_l_orderkey_l_linenumber_l_shipdate_idx,76308,RowExclusiveLock,t
1439960832.46686,lineitem_l_partkey_l_quantity_l_shipmode_idx,76308,RowExclusiveLock,t
1439960832.46686,lineitem_l_shipdate_l_suppkey__idx,76308,RowExclusiveLock,t
1439960832.46686,pg_index,76318,AccessShareLock,t
1439960832.46686,pg_index,76319,AccessShareLock,t
1439960832.46686,pg_locks,76320,AccessShareLock,t
1439960832.46686,pg_namespace,76319,AccessShareLock,t
1439960832.46686,pg_stat_all_indexes,76319,AccessShareLock,t
1439960832.46686,pg_stat_all_tables,76318,AccessShareLock,t
1439960832.46686,pg_stat_database,76317,AccessShareLock,t
1439960832.46686,pg_statio_all_indexes,76319,AccessShareLock,t
1439960832.46686,pg_statio_all_tables,76318,AccessShareLock,t
1439960832.46686,pk_lineitem,76308,RowExclusiveLock,t
1439960892.46831,lineitem,76308,ShareUpdateExclusiveLock,t
1439960892.46831,lineitem_l_orderkey_idx,76308,RowExclusiveLock,t
1439960892.46831,lineitem_l_orderkey_idx_l_returnflag,76308,RowExclusiveLock,t
1439960892.46831,lineitem_l_orderkey_idx_part1,76308,RowExclusiveLock,t
1439960892.46831,lineitem_l_orderkey_idx_part2,76308,RowExclusiveLock,t
1439960892.46831,lineitem_l_orderkey_l_linenumber_l_shipdate_idx,76308,RowExclusiveLock,t
1439960892.46831,lineitem_l_partkey_l_quantity_l_shipmode_idx,76308,RowExclusiveLock,t
1439960892.46831,lineitem_l_shipdate_l_suppkey__idx,76308,RowExclusiveLock,t
1439960892.46831,pg_locks,76329,AccessShareLock,t
1439960892.46831,pg_stat_activity,76330,AccessShareLock,t
1439960892.46831,pg_stat_all_indexes,76333,AccessShareLock,t
1439960892.46831,pg_stat_all_tables,76331,AccessShareLock,t
1439960892.46831,pg_stat_database,76332,AccessShareLock,t
1439960892.46831,pg_statio_all_indexes,76333,AccessShareLock,t
1439960892.46831,pg_statio_all_tables,76331,AccessShareLock,t
1439960892.46831,pk_lineitem,76308,RowExclusiveLock,t
1439960952.47154,lineitem,76308,ShareUpdateExclusiveLock,t
1439960952.47154,lineitem_l_orderkey_idx,76308,RowExclusiveLock,t
1439960952.47154,lineitem_l_orderkey_idx_l_returnflag,76308,RowExclusiveLock,t
1439960952.47154,lineitem_l_orderkey_idx_part1,76308,RowExclusiveLock,t
1439960952.47154,lineitem_l_orderkey_idx_part2,76308,RowExclusiveLock,t
1439960952.47154,lineitem_l_orderkey_l_linenumber_l_shipdate_idx,76308,RowExclusiveLock,t
1439960952.47154,lineitem_l_partkey_l_quantity_l_shipmode_idx,76308,RowExclusiveLock,t
1439960952.47154,lineitem_l_shipdate_l_suppkey__idx,76308,RowExclusiveLock,t
1439960952.47154,pg_index,76346,AccessShareLock,t
1439960952.47154,pg_locks,76345,AccessShareLock,t
1439960952.47154,pg_stat_all_indexes,76346,AccessShareLock,t
1439960952.47154,pg_stat_all_tables,76343,AccessShareLock,t
1439960952.47154,pg_stat_database,76344,AccessShareLock,t
1439960952.47154,pg_statio_all_indexes,76346,AccessShareLock,t
1439960952.47154,pg_statio_all_tables,76343,AccessShareLock,t
1439960952.47154,pk_lineitem,76308,RowExclusiveLock,t
1439961012.47326,lineitem,76308,ShareUpdateExclusiveLock,t
1439961012.47326,lineitem_l_orderkey_idx,76308,RowExclusiveLock,t
1439961012.47326,lineitem_l_orderkey_idx_l_returnflag,76308,RowExclusiveLock,t
1439961012.47326,lineitem_l_orderkey_idx_part1,76308,RowExclusiveLock,t
1439961012.47326,lineitem_l_orderkey_idx_part2,76308,RowExclusiveLock,t
1439961012.47326,lineitem_l_orderkey_l_linenumber_l_shipdate_idx,76308,RowExclusiveLock,t
1439961012.47326,lineitem_l_partkey_l_quantity_l_shipmode_idx,76308,RowExclusiveLock,t
1439961012.47326,lineitem_l_shipdate_l_suppkey__idx,76308,RowExclusiveLock,t
1439961012.47326,pg_locks,76362,AccessShareLock,t
1439961012.47326,pg_stat_activity,76363,AccessShareLock,t
1439961012.47326,pg_stat_all_indexes,76366,AccessShareLock,t
1439961012.47326,pg_stat_all_tables,76365,AccessShareLock,t
1439961012.47326,pg_stat_database,76364,AccessShareLock,t
1439961012.47326,pg_statio_all_indexes,76366,AccessShareLock,t
1439961012.47326,pg_statio_all_tables,76365,AccessShareLock,t
1439961012.47326,pk_lineitem,76308,RowExclusiveLock,t
1439961072.47533,lineitem,76308,ShareUpdateExclusiveLock,t
1439961072.47533,lineitem_l_orderkey_idx,76308,RowExclusiveLock,t
1439961072.47533,lineitem_l_orderkey_idx_l_returnflag,76308,RowExclusiveLock,t
1439961072.47533,lineitem_l_orderkey_idx_part1,76308,RowExclusiveLock,t
1439961072.47533,lineitem_l_orderkey_idx_part2,76308,RowExclusiveLock,t
1439961072.47533,lineitem_l_orderkey_l_linenumber_l_shipdate_idx,76308,RowExclusiveLock,t
1439961072.47533,lineitem_l_partkey_l_quantity_l_shipmode_idx,76308,RowExclusiveLock,t
1439961072.47533,lineitem_l_shipdate_l_suppkey__idx,76308,RowExclusiveLock,t
1439961072.47533,pg_locks,76375,AccessShareLock,t
1439961072.47533,pg_stat_activity,76379,AccessShareLock,t
1439961072.47533,pg_stat_all_indexes,76376,AccessShareLock,t
1439961072.47533,pg_stat_all_tables,76377,AccessShareLock,t
1439961072.47533,pg_stat_database,76378,AccessShareLock,t
1439961072.47533,pg_statio_all_indexes,76376,AccessShareLock,t
1439961072.47533,pg_statio_all_tables,76377,AccessShareLock,t
1439961072.47533,pk_lineitem,76308,RowExclusiveLock,t
1439961132.47737,lineitem,76308,ShareUpdateExclusiveLock,t
1439961132.47737,lineitem_l_orderkey_idx,76308,RowExclusiveLock,t
1439961132.47737,lineitem_l_orderkey_idx_l_returnflag,76308,RowExclusiveLock,t
1439961132.47737,lineitem_l_orderkey_idx_part1,76308,RowExclusiveLock,t
1439961132.47737,lineitem_l_orderkey_idx_part2,76308,RowExclusiveLock,t
1439961132.47737,lineitem_l_orderkey_l_linenumber_l_shipdate_idx,76308,RowExclusiveLock,t
1439961132.47737,lineitem_l_partkey_l_quantity_l_shipmode_idx,76308,RowExclusiveLock,t
1439961132.47737,lineitem_l_shipdate_l_suppkey__idx,76308,RowExclusiveLock,t
1439961132.47737,pg_locks,76388,AccessShareLock,t
1439961132.47737,pg_operator,76391,AccessShareLock,t
1439961132.47737,pg_operator_oid_index,76391,AccessShareLock,t
1439961132.47737,pg_rewrite,76392,AccessShareLock,t
1439961132.47737,pg_rewrite,76390,AccessShareLock,t
1439961132.47737,pg_rewrite_rel_rulename_index,76392,AccessShareLock,t
1439961132.47737,pg_rewrite_rel_rulename_index,76390,AccessShareLock,t
1439961132.47737,pg_stat_activity,76391,AccessShareLock,t
1439961132.47737,pg_stat_all_indexes,76392,AccessShareLock,t
1439961132.47737,pg_stat_all_tables,76390,AccessShareLock,t
1439961132.47737,pg_stat_database,76389,AccessShareLock,t
1439961132.47737,pg_statio_all_tables,76390,AccessShareLock,t
1439961132.47737,pk_lineitem,76308,RowExclusiveLock,t
1439961192.47973,lineitem,76308,ShareUpdateExclusiveLock,t
1439961192.47973,lineitem_l_orderkey_idx,76308,RowExclusiveLock,t
1439961192.47973,lineitem_l_orderkey_idx_l_returnflag,76308,RowExclusiveLock,t
1439961192.47973,lineitem_l_orderkey_idx_part1,76308,RowExclusiveLock,t
1439961192.47973,lineitem_l_orderkey_idx_part2,76308,RowExclusiveLock,t
1439961192.47973,lineitem_l_orderkey_l_linenumber_l_shipdate_idx,76308,RowExclusiveLock,t
1439961192.47973,lineitem_l_partkey_l_quantity_l_shipmode_idx,76308,RowExclusiveLock,t
1439961192.47973,lineitem_l_shipdate_l_suppkey__idx,76308,RowExclusiveLock,t
1439961192.47973,pg_locks,76401,AccessShareLock,t
1439961192.47973,pg_operator,76402,AccessShareLock,t
1439961192.47973,pg_operator_oid_index,76402,AccessShareLock,t
1439961192.47973,pg_stat_activity,76402,AccessShareLock,t
1439961192.47973,pg_stat_all_tables,76403,AccessShareLock,t
1439961192.47973,pg_stat_database,76404,AccessShareLock,t
1439961192.47973,pg_statio_all_tables,76403,AccessShareLock,t
1439961192.47973,pk_lineitem,76308,RowExclusiveLock,t
1439961252.48268,lineitem,76308,ShareUpdateExclusiveLock,t
1439961252.48268,lineitem_l_orderkey_idx,76308,RowExclusiveLock,t
1439961252.48268,lineitem_l_orderkey_idx_l_returnflag,76308,RowExclusiveLock,t
1439961252.48268,lineitem_l_orderkey_idx_part1,76308,RowExclusiveLock,t
1439961252.48268,lineitem_l_orderkey_idx_part2,76308,RowExclusiveLock,t
1439961252.48268,lineitem_l_orderkey_l_linenumber_l_shipdate_idx,76308,RowExclusiveLock,t
1439961252.48268,lineitem_l_partkey_l_quantity_l_shipmode_idx,76308,RowExclusiveLock,t
1439961252.48268,lineitem_l_shipdate_l_suppkey__idx,76308,RowExclusiveLock,t
1439961252.48268,pg_index,76415,AccessShareLock,t
1439961252.48268,pg_index,76418,AccessShareLock,t
1439961252.48268,pg_locks,76414,AccessShareLock,t
1439961252.48268,pg_namespace,76418,AccessShareLock,t
1439961252.48268,pg_stat_activity,76416,AccessShareLock,t
1439961252.48268,pg_stat_all_indexes,76418,AccessShareLock,t
1439961252.48268,pg_stat_all_tables,76415,AccessShareLock,t
1439961252.48268,pg_stat_database,76417,AccessShareLock,t
1439961252.48268,pg_statio_all_indexes,76418,AccessShareLock,t
1439961252.48268,pg_statio_all_tables,76415,AccessShareLock,t
1439961252.48268,pk_lineitem,76308,RowExclusiveLock,t
